path,filename,relative_path,size_bytes,readable,error,native_sample_rate,native_channels,native_frames,duration_sec,container,subtype,filename_conforms,fold_id,clip_uid,event_code,take_id,class_code,label,resampled_samples,n_windows,covered_samples,uncovered_sec
C:\Users\USER\Documents\ESP32-S3-BOX-3-Voice-project\acoustic-alert-system\data\raw\01-020-02-073-01.wav,01-020-02-073-01.wav,01-020-02-073-01.wav,288044,True,,48000,1,144000,3.0,WAV,PCM_16,True,01,020,02,073,01,fall,48000,5,46800,0.075
C:\Users\USER\Documents\ESP32-S3-BOX-3-Voice-project\acoustic-alert-system\data\raw\01-022-07-014-01.wav,01-022-07-014-01.wav,01-022-07-014-01.wav,288044,True,,48000,1,144000,3.0,WAV,PCM_16,True,01,022,07,014,01,fall,48000,5,46800,0.075
C:\Users\USER\Documents\ESP32-S3-BOX-3-Voice-project\acoustic-alert-system\data\raw\01-025-00-304-02.wav,01-025-00-304-02.wav,01-025-00-304-02.wav,288044,True,,48000,1,144000,3.0,WAV,PCM_16,True,01,025,00,304,02,non_fall,48000,5,46800,0.075
C:\Users\USER\Documents\ESP32-S3-BOX-3-Voice-project\acoustic-alert-system\data\raw\01-028-01-028-01.wav,01-028-01-028-01.wav,01-028-01-028-01.wav,288044,True,,48000,1,144000,3.0,WAV,PCM_16,True,01,028,01,028,01,fall,48000,5,46800,0.075
C:\Users\USER\Documents\ESP32-S3-BOX-3-Voice-project\acoustic-alert-system\data\raw\01-029-00-330-02.wav,01-029-00-330-02.wav,01-029-00-330-02.wav,288044,True,,48000,1,144000,3.0,WAV,PCM_16,True,01,029,00,330,02,non_fall,48000,5,46800,0.075
C:\Users\USER\Documents\ESP32-S3-BOX-3-Voice-project\acoustic-alert-system\data\raw\01-034-00-444-02.wav,01-034-00-444-02.wav,01-034-00-444-02.wav,288044,True,,48000,1,144000,3.0,WAV,PCM_16,True,01,034,00,444,02,non_fall,48000,5,46800,0.075
C:\Users\USER\Documents\ESP32-S3-BOX-3-Voice-project\acoustic-alert-system\data\raw\01-065-01-005-01.wav,01-065-01-005-01.wav,01-065-01-005-01.wav,288044,True,,48000,1,144000,3.0,WAV,PCM_16,True,01,065,01,005,01,fall,48000,5,46800,0.075
C:\Users\USER\Documents\ESP32-S3-BOX-3-Voice-project\acoustic-alert-system\data\raw\01-067-00-134-02.wav,01-067-00-134-02.wav,01-067-00-134-02.wav,288044,True,,48000,1,144000,3.0,WAV,PCM_16,True,01,067,00,134,02,non_fall,48000,5,46800,0.075
C:\Users\USER\Documents\ESP32-S3-BOX-3-Voice-project\acoustic-alert-system\data\raw\01-077-00-293-02.wav,01-077-00-293-02.wav,01-077-00-293-02.wav,288044,True,,48000,1,144000,3.0,WAV,PCM_16,True,01,077,00,293,02,non_fall,48000,5,46800,0.075
C:\Users\USER\Documents\ESP32-S3-BOX-3-Voice-project\acoustic-alert-system\data\raw\01-082-02-077-01.wav,01-082-02-077-01.wav,01-082-02-077-01.wav,288044,True,,48000,1,144000,3.0,WAV,PCM_16,True,01,082,02,077,01,fall,48000,5,46800,0.075
C:\Users\USER\Documents\ESP32-S3-BOX-3-Voice-project\acoustic-alert-system\data\raw\01-084-05-023-01.wav,01-084-05-023-01.wav,01-084-05-023-01.wav,288044,True,,48000,1,144000,3.0,WAV,PCM_16,True,01,084,05,023,01,fall,48000,5,46800,0.075
C:\Users\USER\Documents\ESP32-S3-BOX-3-Voice-project\acoustic-alert-system\data\raw\01-086-05-042-01.wav,01-086-05-042-01.wav,01-086-05-042-01.wav,288044,True,,48000,1,144000,3.0,WAV,PCM_16,True,01,086,05,042,01,fall,48000,5,46800,0.075
C:\Users\USER\Documents\ESP32-S3-BOX-3-Voice-project\acoustic-alert-system\data\raw\01-098-04-058-01.wav,01-098-04-058-01.wav,01-098-04-058-01.wav,288044,True,,48000,1,144000,3.0,WAV,PCM_16,True,01,098,04,058,01,fall,48000,5,46800,0.075
C:\Users\USER\Documents\ESP32-S3-BOX-3-Voice-project\acoustic-alert-system\data\raw\01-101-07-012-01.wav,01-101-07-012-01.wav,01-101-07-012-01.wav,288044,True,,48000,1,144000,3.0,WAV,PCM_16,True,01,101,07,012,01,fall,48000,5,46800,0.075
C:\Users\USER\Documents\ESP32-S3-BOX-3-Voice-project\acoustic-alert-system\data\raw\01-102-01-012-01.wav,01-102-01-012-01.wav,01-102-01-012-01.wav,288044,True,,48000,1,144000,3.0,WAV,PCM_16,True,01,102,01,012,01,fall,48000,5,46800,0.075
C:\Users\USER\Documents\ESP32-S3-BOX-3-Voice-project\acoustic-alert-system\data\raw\01-142-00-280-02.wav,01-142-00-280-02.wav,01-142-00-280-02.wav,288044,True,,48000,1,144000,3.0,WAV,PCM_16,True,01,142,00,280,02,non_fall,48000,5,46800,0.075
C:\Users\USER\Documents\ESP32-S3-BOX-3-Voice-project\acoustic-alert-system\data\raw\01-144-00-265-02.wav,01-144-00-265-02.wav,01-144-00-265-02.wav,288044,True,,48000,1,144000,3.0,WAV,PCM_16,True,01,144,00,265,02,non_fall,48000,5,46800,0.075
C:\Users\USER\Documents\ESP32-S3-BOX-3-Voice-project\acoustic-alert-system\data\raw\01-168-04-059-01.wav,01-168-04-059-01.wav,01-168-04-059-01.wav,288044,True,,48000,1,144000,3.0,WAV,PCM_16,True,01,168,04,059,01,fall,48000,5,46800,0.075
C:\Users\USER\Documents\ESP32-S3-BOX-3-Voice-project\acoustic-alert-system\data\raw\01-171-00-409-02.wav,01-171-00-409-02.wav,01-171-00-409-02.wav,288044,True,,48000,1,144000,3.0,WAV,PCM_16,True,01,171,00,409,02,non_fall,48000,5,46800,0.075
C:\Users\USER\Documents\ESP32-S3-BOX-3-Voice-project\acoustic-alert-system\data\raw\01-174-00-133-02.wav,01-174-00-133-02.wav,01-174-00-133-02.wav,288044,True,,48000,1,144000,3.0,WAV,PCM_16,True,01,174,00,133,02,non_fall,48000,5,46800,0.075
C:\Users\USER\Documents\ESP32-S3-BOX-3-Voice-project\acoustic-alert-system\data\raw\01-211-00-359-02.wav,01-211-00-359-02.wav,01-211-00-359-02.wav,288044,True,,48000,1,144000,3.0,WAV,PCM_16,True,01,211,00,359,02,non_fall,48000,5,46800,0.075
C:\Users\USER\Documents\ESP32-S3-BOX-3-Voice-project\acoustic-alert-system\data\raw\01-228-00-333-02.wav,01-228-00-333-02.wav,01-228-00-333-02.wav,288044,True,,48000,1,144000,3.0,WAV,PCM_16,True,01,228,00,333,02,non_fall,48000,5,46800,0.075
C:\Users\USER\Documents\ESP32-S3-BOX-3-Voice-project\acoustic-alert-system\data\raw\01-236-02-028-01.wav,01-236-02-028-01.wav,01-236-02-028-01.wav,288044,True,,48000,1,144000,3.0,WAV,PCM_16,True,01,236,02,028,01,fall,48000,5,46800,0.075
C:\Users\USER\Documents\ESP32-S3-BOX-3-Voice-project\acoustic-alert-system\data\raw\01-270-00-430-02.wav,01-270-00-430-02.wav,01-270-00-430-02.wav,288044,True,,48000,1,144000,3.0,WAV,PCM_16,True,01,270,00,430,02,non_fall,48000,5,46800,0.075
C:\Users\USER\Documents\ESP32-S3-BOX-3-Voice-project\acoustic-alert-system\data\raw\01-286-07-052-01.wav,01-286-07-052-01.wav,01-286-07-052-01.wav,288044,True,,48000,1,144000,3.0,WAV,PCM_16,True,01,286,07,052,01,fall,48000,5,46800,0.075
C:\Users\USER\Documents\ESP32-S3-BOX-3-Voice-project\acoustic-alert-system\data\raw\01-293-01-025-01.wav,01-293-01-025-01.wav,01-293-01-025-01.wav,288044,True,,48000,1,144000,3.0,WAV,PCM_16,True,01,293,01,025,01,fall,48000,5,46800,0.075
C:\Users\USER\Documents\ESP32-S3-BOX-3-Voice-project\acoustic-alert-system\data\raw\01-319-00-124-02.wav,01-319-00-124-02.wav,01-319-00-124-02.wav,288044,True,,48000,1,144000,3.0,WAV,PCM_16,True,01,319,00,124,02,non_fall,48000,5,46800,0.075
C:\Users\USER\Documents\ESP32-S3-BOX-3-Voice-project\acoustic-alert-system\data\raw\01-326-02-032-01.wav,01-326-02-032-01.wav,01-326-02-032-01.wav,288044,True,,48000,1,144000,3.0,WAV,PCM_16,True,01,326,02,032,01,fall,48000,5,46800,0.075
C:\Users\USER\Documents\ESP32-S3-BOX-3-Voice-project\acoustic-alert-system\data\raw\01-331-02-010-01.wav,01-331-02-010-01.wav,01-331-02-010-01.wav,288044,True,,48000,1,144000,3.0,WAV,PCM_16,True,01,331,02,010,01,fall,48000,5,46800,0.075
C:\Users\USER\Documents\ESP32-S3-BOX-3-Voice-project\acoustic-alert-system\data\raw\01-339-00-218-02.wav,01-339-00-218-02.wav,01-339-00-218-02.wav,288044,True,,48000,1,144000,3.0,WAV,PCM_16,True,01,339,00,218,02,non_fall,48000,5,46800,0.075
C:\Users\USER\Documents\ESP32-S3-BOX-3-Voice-project\acoustic-alert-system\data\raw\01-340-00-419-02.wav,01-340-00-419-02.wav,01-340-00-419-02.wav,288044,True,,48000,1,144000,3.0,WAV,PCM_16,True,01,340,00,419,02,non_fall,48000,5,46800,0.075
C:\Users\USER\Documents\ESP32-S3-BOX-3-Voice-project\acoustic-alert-system\data\raw\01-342-04-079-01.wav,01-342-04-079-01.wav,01-342-04-079-01.wav,288044,True,,48000,1,144000,3.0,WAV,PCM_16,True,01,342,04,079,01,fall,48000,5,46800,0.075
C:\Users\USER\Documents\ESP32-S3-BOX-3-Voice-project\acoustic-alert-system\data\raw\01-345-02-089-01.wav,01-345-02-089-01.wav,01-345-02-089-01.wav,288044,True,,48000,1,144000,3.0,WAV,PCM_16,True,01,345,02,089,01,fall,48000,5,46800,0.075
C:\Users\USER\Documents\ESP32-S3-BOX-3-Voice-project\acoustic-alert-system\data\raw\01-361-00-188-02.wav,01-361-00-188-02.wav,01-361-00-188-02.wav,288044,True,,48000,1,144000,3.0,WAV,PCM_16,True,01,361,00,188,02,non_fall,48000,5,46800,0.075
C:\Users\USER\Documents\ESP32-S3-BOX-3-Voice-project\acoustic-alert-system\data\raw\01-363-04-014-01.wav,01-363-04-014-01.wav,01-363-04-014-01.wav,288044,True,,48000,1,144000,3.0,WAV,PCM_16,True,01,363,04,014,01,fall,48000,5,46800,0.075
C:\Users\USER\Documents\ESP32-S3-BOX-3-Voice-project\acoustic-alert-system\data\raw\01-374-04-013-01.wav,01-374-04-013-01.wav,01-374-04-013-01.wav,288044,True,,48000,1,144000,3.0,WAV,PCM_16,True,01,374,04,013,01,fall,48000,5,46800,0.075
C:\Users\USER\Documents\ESP32-S3-BOX-3-Voice-project\acoustic-alert-system\data\raw\01-376-04-065-01.wav,01-376-04-065-01.wav,01-376-04-065-01.wav,288044,True,,48000,1,144000,3.0,WAV,PCM_16,True,01,376,04,065,01,fall,48000,5,46800,0.075
C:\Users\USER\Documents\ESP32-S3-BOX-3-Voice-project\acoustic-alert-system\data\raw\01-382-00-305-02.wav,01-382-00-305-02.wav,01-382-00-305-02.wav,288044,True,,48000,1,144000,3.0,WAV,PCM_16,True,01,382,00,305,02,non_fall,48000,5,46800,0.075
C:\Users\USER\Documents\ESP32-S3-BOX-3-Voice-project\acoustic-alert-system\data\raw\01-401-00-340-02.wav,01-401-00-340-02.wav,01-401-00-340-02.wav,288044,True,,48000,1,144000,3.0,WAV,PCM_16,True,01,401,00,340,02,non_fall,48000,5,46800,0.075
C:\Users\USER\Documents\ESP32-S3-BOX-3-Voice-project\acoustic-alert-system\data\raw\01-415-00-155-02.wav,01-415-00-155-02.wav,01-415-00-155-02.wav,288044,True,,48000,1,144000,3.0,WAV,PCM_16,True,01,415,00,155,02,non_fall,48000,5,46800,0.075
C:\Users\USER\Documents\ESP32-S3-BOX-3-Voice-project\acoustic-alert-system\data\raw\01-423-00-276-02.wav,01-423-00-276-02.wav,01-423-00-276-02.wav,288044,True,,48000,1,144000,3.0,WAV,PCM_16,True,01,423,00,276,02,non_fall,48000,5,46800,0.075
C:\Users\USER\Documents\ESP32-S3-BOX-3-Voice-project\acoustic-alert-system\data\raw\01-430-01-001-01.wav,01-430-01-001-01.wav,01-430-01-001-01.wav,288044,True,,48000,1,144000,3.0,WAV,PCM_16,True,01,430,01,001,01,fall,48000,5,46800,0.075
C:\Users\USER\Documents\ESP32-S3-BOX-3-Voice-project\acoustic-alert-system\data\raw\01-440-02-048-01.wav,01-440-02-048-01.wav,01-440-02-048-01.wav,288044,True,,48000,1,144000,3.0,WAV,PCM_16,True,01,440,02,048,01,fall,48000,5,46800,0.075
C:\Users\USER\Documents\ESP32-S3-BOX-3-Voice-project\acoustic-alert-system\data\raw\01-445-00-259-02.wav,01-445-00-259-02.wav,01-445-00-259-02.wav,288044,True,,48000,1,144000,3.0,WAV,PCM_16,True,01,445,00,259,02,non_fall,48000,5,46800,0.075
C:\Users\USER\Documents\ESP32-S3-BOX-3-Voice-project\acoustic-alert-system\data\raw\01-450-02-052-01.wav,01-450-02-052-01.wav,01-450-02-052-01.wav,288044,True,,48000,1,144000,3.0,WAV,PCM_16,True,01,450,02,052,01,fall,48000,5,46800,0.075
C:\Users\USER\Documents\ESP32-S3-BOX-3-Voice-project\acoustic-alert-system\data\raw\01-455-04-068-01.wav,01-455-04-068-01.wav,01-455-04-068-01.wav,288044,True,,48000,1,144000,3.0,WAV,PCM_16,True,01,455,04,068,01,fall,48000,5,46800,0.075
C:\Users\USER\Documents\ESP32-S3-BOX-3-Voice-project\acoustic-alert-system\data\raw\01-464-00-451-02.wav,01-464-00-451-02.wav,01-464-00-451-02.wav,288044,True,,48000,1,144000,3.0,WAV,PCM_16,True,01,464,00,451,02,non_fall,48000,5,46800,0.075
C:\Users\USER\Documents\ESP32-S3-BOX-3-Voice-project\acoustic-alert-system\data\raw\01-465-01-026-01.wav,01-465-01-026-01.wav,01-465-01-026-01.wav,288044,True,,48000,1,144000,3.0,WAV,PCM_16,True,01,465,01,026,01,fall,48000,5,46800,0.075
C:\Users\USER\Documents\ESP32-S3-BOX-3-Voice-project\acoustic-alert-system\data\raw\01-474-00-152-02.wav,01-474-00-152-02.wav,01-474-00-152-02.wav,288044,True,,48000,1,144000,3.0,WAV,PCM_16,True,01,474,00,152,02,non_fall,48000,5,46800,0.075
C:\Users\USER\Documents\ESP32-S3-BOX-3-Voice-project\acoustic-alert-system\data\raw\01-480-05-061-01.wav,01-480-05-061-01.wav,01-480-05-061-01.wav,288044,True,,48000,1,144000,3.0,WAV,PCM_16,True,01,480,05,061,01,fall,48000,5,46800,0.075
C:\Users\USER\Documents\ESP32-S3-BOX-3-Voice-project\acoustic-alert-system\data\raw\01-481-00-314-02.wav,01-481-00-314-02.wav,01-481-00-314-02.wav,288044,True,,48000,1,144000,3.0,WAV,PCM_16,True,01,481,00,314,02,non_fall,48000,5,46800,0.075
C:\Users\USER\Documents\ESP32-S3-BOX-3-Voice-project\acoustic-alert-system\data\raw\01-489-04-029-01.wav,01-489-04-029-01.wav,01-489-04-029-01.wav,288044,True,,48000,1,144000,3.0,WAV,PCM_16,True,01,489,04,029,01,fall,48000,5,46800,0.075
C:\Users\USER\Documents\ESP32-S3-BOX-3-Voice-project\acoustic-alert-system\data\raw\01-490-00-146-02.wav,01-490-00-146-02.wav,01-490-00-146-02.wav,288044,True,,48000,1,144000,3.0,WAV,PCM_16,True,01,490,00,146,02,non_fall,48000,5,46800,0.075
C:\Users\USER\Documents\ESP32-S3-BOX-3-Voice-project\acoustic-alert-system\data\raw\01-506-00-392-02.wav,01-506-00-392-02.wav,01-506-00-392-02.wav,288044,True,,48000,1,144000,3.0,WAV,PCM_16,True,01,506,00,392,02,non_fall,48000,5,46800,0.075
C:\Users\USER\Documents\ESP32-S3-BOX-3-Voice-project\acoustic-alert-system\data\raw\01-511-07-038-01.wav,01-511-07-038-01.wav,01-511-07-038-01.wav,288044,True,,48000,1,144000,3.0,WAV,PCM_16,True,01,511,07,038,01,fall,48000,5,46800,0.075
C:\Users\USER\Documents\ESP32-S3-BOX-3-Voice-project\acoustic-alert-system\data\raw\01-512-00-464-02.wav,01-512-00-464-02.wav,01-512-00-464-02.wav,288044,True,,48000,1,144000,3.0,WAV,PCM_16,True,01,512,00,464,02,non_fall,48000,5,46800,0.075
C:\Users\USER\Documents\ESP32-S3-BOX-3-Voice-project\acoustic-alert-system\data\raw\01-559-04-054-01.wav,01-559-04-054-01.wav,01-559-04-054-01.wav,288044,True,,48000,1,144000,3.0,WAV,PCM_16,True,01,559,04,054,01,fall,48000,5,46800,0.075
C:\Users\USER\Documents\ESP32-S3-BOX-3-Voice-project\acoustic-alert-system\data\raw\01-562-00-072-02.wav,01-562-00-072-02.wav,01-562-00-072-02.wav,288044,True,,48000,1,144000,3.0,WAV,PCM_16,True,01,562,00,072,02,non_fall,48000,5,46800,0.075
C:\Users\USER\Documents\ESP32-S3-BOX-3-Voice-project\acoustic-alert-system\data\raw\01-599-04-027-01.wav,01-599-04-027-01.wav,01-599-04-027-01.wav,288044,True,,48000,1,144000,3.0,WAV,PCM_16,True,01,599,04,027,01,fall,48000,5,46800,0.075
C:\Users\USER\Documents\ESP32-S3-BOX-3-Voice-project\acoustic-alert-system\data\raw\01-605-04-025-01.wav,01-605-04-025-01.wav,01-605-04-025-01.wav,288044,True,,48000,1,144000,3.0,WAV,PCM_16,True,01,605,04,025,01,fall,48000,5,46800,0.075
C:\Users\USER\Documents\ESP32-S3-BOX-3-Voice-project\acoustic-alert-system\data\raw\01-606-02-008-01.wav,01-606-02-008-01.wav,01-606-02-008-01.wav,288044,True,,48000,1,144000,3.0,WAV,PCM_16,True,01,606,02,008,01,fall,48000,5,46800,0.075
C:\Users\USER\Documents\ESP32-S3-BOX-3-Voice-project\acoustic-alert-system\data\raw\01-610-00-137-02.wav,01-610-00-137-02.wav,01-610-00-137-02.wav,288044,True,,48000,1,144000,3.0,WAV,PCM_16,True,01,610,00,137,02,non_fall,48000,5,46800,0.075
C:\Users\USER\Documents\ESP32-S3-BOX-3-Voice-project\acoustic-alert-system\data\raw\01-619-06-014-01.wav,01-619-06-014-01.wav,01-619-06-014-01.wav,288044,True,,48000,1,144000,3.0,WAV,PCM_16,True,01,619,06,014,01,fall,48000,5,46800,0.075
C:\Users\USER\Documents\ESP32-S3-BOX-3-Voice-project\acoustic-alert-system\data\raw\01-632-07-043-01.wav,01-632-07-043-01.wav,01-632-07-043-01.wav,288044,True,,48000,1,144000,3.0,WAV,PCM_16,True,01,632,07,043,01,fall,48000,5,46800,0.075
C:\Users\USER\Documents\ESP32-S3-BOX-3-Voice-project\acoustic-alert-system\data\raw\01-635-00-445-02.wav,01-635-00-445-02.wav,01-635-00-445-02.wav,288044,True,,48000,1,144000,3.0,WAV,PCM_16,True,01,635,00,445,02,non_fall,48000,5,46800,0.075
C:\Users\USER\Documents\ESP32-S3-BOX-3-Voice-project\acoustic-alert-system\data\raw\01-638-00-472-02.wav,01-638-00-472-02.wav,01-638-00-472-02.wav,288044,True,,48000,1,144000,3.0,WAV,PCM_16,True,01,638,00,472,02,non_fall,48000,5,46800,0.075
C:\Users\USER\Documents\ESP32-S3-BOX-3-Voice-project\acoustic-alert-system\data\raw\01-644-00-120-02.wav,01-644-00-120-02.wav,01-644-00-120-02.wav,288044,True,,48000,1,144000,3.0,WAV,PCM_16,True,01,644,00,120,02,non_fall,48000,5,46800,0.075
C:\Users\USER\Documents\ESP32-S3-BOX-3-Voice-project\acoustic-alert-system\data\raw\01-651-05-034-01.wav,01-651-05-034-01.wav,01-651-05-034-01.wav,288044,True,,48000,1,144000,3.0,WAV,PCM_16,True,01,651,05,034,01,fall,48000,5,46800,0.075
C:\Users\USER\Documents\ESP32-S3-BOX-3-Voice-project\acoustic-alert-system\data\raw\01-665-00-324-02.wav,01-665-00-324-02.wav,01-665-00-324-02.wav,288044,True,,48000,1,144000,3.0,WAV,PCM_16,True,01,665,00,324,02,non_fall,48000,5,46800,0.075
C:\Users\USER\Documents\ESP32-S3-BOX-3-Voice-project\acoustic-alert-system\data\raw\01-668-00-160-02.wav,01-668-00-160-02.wav,01-668-00-160-02.wav,288044,True,,48000,1,144000,3.0,WAV,PCM_16,True,01,668,00,160,02,non_fall,48000,5,46800,0.075
C:\Users\USER\Documents\ESP32-S3-BOX-3-Voice-project\acoustic-alert-system\data\raw\01-674-00-388-02.wav,01-674-00-388-02.wav,01-674-00-388-02.wav,288044,True,,48000,1,144000,3.0,WAV,PCM_16,True,01,674,00,388,02,non_fall,48000,5,46800,0.075
C:\Users\USER\Documents\ESP32-S3-BOX-3-Voice-project\acoustic-alert-system\data\raw\01-697-00-222-02.wav,01-697-00-222-02.wav,01-697-00-222-02.wav,288044,True,,48000,1,144000,3.0,WAV,PCM_16,True,01,697,00,222,02,non_fall,48000,5,46800,0.075
C:\Users\USER\Documents\ESP32-S3-BOX-3-Voice-project\acoustic-alert-system\data\raw\01-711-00-023-02.wav,01-711-00-023-02.wav,01-711-00-023-02.wav,288044,True,,48000,1,144000,3.0,WAV,PCM_16,True,01,711,00,023,02,non_fall,48000,5,46800,0.075
C:\Users\USER\Documents\ESP32-S3-BOX-3-Voice-project\acoustic-alert-system\data\raw\01-718-00-039-02.wav,01-718-00-039-02.wav,01-718-00-039-02.wav,288044,True,,48000,1,144000,3.0,WAV,PCM_16,True,01,718,00,039,02,non_fall,48000,5,46800,0.075
C:\Users\USER\Documents\ESP32-S3-BOX-3-Voice-project\acoustic-alert-system\data\raw\01-720-00-371-02.wav,01-720-00-371-02.wav,01-720-00-371-02.wav,288044,True,,48000,1,144000,3.0,WAV,PCM_16,True,01,720,00,371,02,non_fall,48000,5,46800,0.075
C:\Users\USER\Documents\ESP32-S3-BOX-3-Voice-project\acoustic-alert-system\data\raw\01-726-00-247-02.wav,01-726-00-247-02.wav,01-726-00-247-02.wav,288044,True,,48000,1,144000,3.0,WAV,PCM_16,True,01,726,00,247,02,non_fall,48000,5,46800,0.075
C:\Users\USER\Documents\ESP32-S3-BOX-3-Voice-project\acoustic-alert-system\data\raw\01-729-01-049-01.wav,01-729-01-049-01.wav,01-729-01-049-01.wav,288044,True,,48000,1,144000,3.0,WAV,PCM_16,True,01,729,01,049,01,fall,48000,5,46800,0.075
C:\Users\USER\Documents\ESP32-S3-BOX-3-Voice-project\acoustic-alert-system\data\raw\01-734-04-093-01.wav,01-734-04-093-01.wav,01-734-04-093-01.wav,288044,True,,48000,1,144000,3.0,WAV,PCM_16,True,01,734,04,093,01,fall,48000,5,46800,0.075
C:\Users\USER\Documents\ESP32-S3-BOX-3-Voice-project\acoustic-alert-system\data\raw\01-765-04-051-01.wav,01-765-04-051-01.wav,01-765-04-051-01.wav,288044,True,,48000,1,144000,3.0,WAV,PCM_16,True,01,765,04,051,01,fall,48000,5,46800,0.075
C:\Users\USER\Documents\ESP32-S3-BOX-3-Voice-project\acoustic-alert-system\data\raw\01-767-04-047-01.wav,01-767-04-047-01.wav,01-767-04-047-01.wav,288044,True,,48000,1,144000,3.0,WAV,PCM_16,True,01,767,04,047,01,fall,48000,5,46800,0.075
C:\Users\USER\Documents\ESP32-S3-BOX-3-Voice-project\acoustic-alert-system\data\raw\01-770-00-350-02.wav,01-770-00-350-02.wav,01-770-00-350-02.wav,288044,True,,48000,1,144000,3.0,WAV,PCM_16,True,01,770,00,350,02,non_fall,48000,5,46800,0.075
C:\Users\USER\Documents\ESP32-S3-BOX-3-Voice-project\acoustic-alert-system\data\raw\01-774-04-043-01.wav,01-774-04-043-01.wav,01-774-04-043-01.wav,288044,True,,48000,1,144000,3.0,WAV,PCM_16,True,01,774,04,043,01,fall,48000,5,46800,0.075
C:\Users\USER\Documents\ESP32-S3-BOX-3-Voice-project\acoustic-alert-system\data\raw\01-786-05-025-01.wav,01-786-05-025-01.wav,01-786-05-025-01.wav,288044,True,,48000,1,144000,3.0,WAV,PCM_16,True,01,786,05,025,01,fall,48000,5,46800,0.075
C:\Users\USER\Documents\ESP32-S3-BOX-3-Voice-project\acoustic-alert-system\data\raw\01-825-00-360-02.wav,01-825-00-360-02.wav,01-825-00-360-02.wav,288044,True,,48000,1,144000,3.0,WAV,PCM_16,True,01,825,00,360,02,non_fall,48000,5,46800,0.075
C:\Users\USER\Documents\ESP32-S3-BOX-3-Voice-project\acoustic-alert-system\data\raw\01-848-03-020-01.wav,01-848-03-020-01.wav,01-848-03-020-01.wav,288044,True,,48000,1,144000,3.0,WAV,PCM_16,True,01,848,03,020,01,fall,48000,5,46800,0.075
C:\Users\USER\Documents\ESP32-S3-BOX-3-Voice-project\acoustic-alert-system\data\raw\01-852-01-054-01.wav,01-852-01-054-01.wav,01-852-01-054-01.wav,288044,True,,48000,1,144000,3.0,WAV,PCM_16,True,01,852,01,054,01,fall,48000,5,46800,0.075
C:\Users\USER\Documents\ESP32-S3-BOX-3-Voice-project\acoustic-alert-system\data\raw\01-854-00-102-02.wav,01-854-00-102-02.wav,01-854-00-102-02.wav,288044,True,,48000,1,144000,3.0,WAV,PCM_16,True,01,854,00,102,02,non_fall,48000,5,46800,0.075
C:\Users\USER\Documents\ESP32-S3-BOX-3-Voice-project\acoustic-alert-system\data\raw\01-864-00-157-02.wav,01-864-00-157-02.wav,01-864-00-157-02.wav,288044,True,,48000,1,144000,3.0,WAV,PCM_16,True,01,864,00,157,02,non_fall,48000,5,46800,0.075
C:\Users\USER\Documents\ESP32-S3-BOX-3-Voice-project\acoustic-alert-system\data\raw\01-903-00-342-02.wav,01-903-00-342-02.wav,01-903-00-342-02.wav,288044,True,,48000,1,144000,3.0,WAV,PCM_16,True,01,903,00,342,02,non_fall,48000,5,46800,0.075
C:\Users\USER\Documents\ESP32-S3-BOX-3-Voice-project\acoustic-alert-system\data\raw\01-907-07-010-01.wav,01-907-07-010-01.wav,01-907-07-010-01.wav,288044,True,,48000,1,144000,3.0,WAV,PCM_16,True,01,907,07,010,01,fall,48000,5,46800,0.075
C:\Users\USER\Documents\ESP32-S3-BOX-3-Voice-project\acoustic-alert-system\data\raw\01-909-00-058-02.wav,01-909-00-058-02.wav,01-909-00-058-02.wav,288044,True,,48000,1,144000,3.0,WAV,PCM_16,True,01,909,00,058,02,non_fall,48000,5,46800,0.075
C:\Users\USER\Documents\ESP32-S3-BOX-3-Voice-project\acoustic-alert-system\data\raw\01-913-04-045-01.wav,01-913-04-045-01.wav,01-913-04-045-01.wav,288044,True,,48000,1,144000,3.0,WAV,PCM_16,True,01,913,04,045,01,fall,48000,5,46800,0.075
C:\Users\USER\Documents\ESP32-S3-BOX-3-Voice-project\acoustic-alert-system\data\raw\01-923-05-003-01.wav,01-923-05-003-01.wav,01-923-05-003-01.wav,288044,True,,48000,1,144000,3.0,WAV,PCM_16,True,01,923,05,003,01,fall,48000,5,46800,0.075
C:\Users\USER\Documents\ESP32-S3-BOX-3-Voice-project\acoustic-alert-system\data\raw\01-924-00-083-02.wav,01-924-00-083-02.wav,01-924-00-083-02.wav,288044,True,,48000,1,144000,3.0,WAV,PCM_16,True,01,924,00,083,02,non_fall,48000,5,46800,0.075
C:\Users\USER\Documents\ESP32-S3-BOX-3-Voice-project\acoustic-alert-system\data\raw\01-940-04-103-01.wav,01-940-04-103-01.wav,01-940-04-103-01.wav,288044,True,,48000,1,144000,3.0,WAV,PCM_16,True,01,940,04,103,01,fall,48000,5,46800,0.075
C:\Users\USER\Documents\ESP32-S3-BOX-3-Voice-project\acoustic-alert-system\data\raw\02-001-04-076-01.wav,02-001-04-076-01.wav,02-001-04-076-01.wav,288044,True,,48000,1,144000,3.0,WAV,PCM_16,True,02,001,04,076,01,fall,48000,5,46800,0.075
C:\Users\USER\Documents\ESP32-S3-BOX-3-Voice-project\acoustic-alert-system\data\raw\02-004-00-073-02.wav,02-004-00-073-02.wav,02-004-00-073-02.wav,288044,True,,48000,1,144000,3.0,WAV,PCM_16,True,02,004,00,073,02,non_fall,48000,5,46800,0.075
C:\Users\USER\Documents\ESP32-S3-BOX-3-Voice-project\acoustic-alert-system\data\raw\02-009-05-011-01.wav,02-009-05-011-01.wav,02-009-05-011-01.wav,288044,True,,48000,1,144000,3.0,WAV,PCM_16,True,02,009,05,011,01,fall,48000,5,46800,0.075
C:\Users\USER\Documents\ESP32-S3-BOX-3-Voice-project\acoustic-alert-system\data\raw\02-030-05-047-01.wav,02-030-05-047-01.wav,02-030-05-047-01.wav,288044,True,,48000,1,144000,3.0,WAV,PCM_16,True,02,030,05,047,01,fall,48000,5,46800,0.075
C:\Users\USER\Documents\ESP32-S3-BOX-3-Voice-project\acoustic-alert-system\data\raw\02-053-05-045-01.wav,02-053-05-045-01.wav,02-053-05-045-01.wav,288044,True,,48000,1,144000,3.0,WAV,PCM_16,True,02,053,05,045,01,fall,48000,5,46800,0.075
C:\Users\USER\Documents\ESP32-S3-BOX-3-Voice-project\acoustic-alert-system\data\raw\02-068-01-038-01.wav,02-068-01-038-01.wav,02-068-01-038-01.wav,288044,True,,48000,1,144000,3.0,WAV,PCM_16,True,02,068,01,038,01,fall,48000,5,46800,0.075
C:\Users\USER\Documents\ESP32-S3-BOX-3-Voice-project\acoustic-alert-system\data\raw\02-069-01-052-01.wav,02-069-01-052-01.wav,02-069-01-052-01.wav,288044,True,,48000,1,144000,3.0,WAV,PCM_16,True,02,069,01,052,01,fall,48000,5,46800,0.075
C:\Users\USER\Documents\ESP32-S3-BOX-3-Voice-project\acoustic-alert-system\data\raw\02-093-03-022-01.wav,02-093-03-022-01.wav,02-093-03-022-01.wav,288044,True,,48000,1,144000,3.0,WAV,PCM_16,True,02,093,03,022,01,fall,48000,5,46800,0.075
C:\Users\USER\Documents\ESP32-S3-BOX-3-Voice-project\acoustic-alert-system\data\raw\02-094-00-295-02.wav,02-094-00-295-02.wav,02-094-00-295-02.wav,288044,True,,48000,1,144000,3.0,WAV,PCM_16,True,02,094,00,295,02,non_fall,48000,5,46800,0.075
C:\Users\USER\Documents\ESP32-S3-BOX-3-Voice-project\acoustic-alert-system\data\raw\02-113-00-093-02.wav,02-113-00-093-02.wav,02-113-00-093-02.wav,288044,True,,48000,1,144000,3.0,WAV,PCM_16,True,02,113,00,093,02,non_fall,48000,5,46800,0.075
C:\Users\USER\Documents\ESP32-S3-BOX-3-Voice-project\acoustic-alert-system\data\raw\02-114-00-437-02.wav,02-114-00-437-02.wav,02-114-00-437-02.wav,288044,True,,48000,1,144000,3.0,WAV,PCM_16,True,02,114,00,437,02,non_fall,48000,5,46800,0.075
C:\Users\USER\Documents\ESP32-S3-BOX-3-Voice-project\acoustic-alert-system\data\raw\02-140-05-068-01.wav,02-140-05-068-01.wav,02-140-05-068-01.wav,288044,True,,48000,1,144000,3.0,WAV,PCM_16,True,02,140,05,068,01,fall,48000,5,46800,0.075
C:\Users\USER\Documents\ESP32-S3-BOX-3-Voice-project\acoustic-alert-system\data\raw\02-141-03-004-01.wav,02-141-03-004-01.wav,02-141-03-004-01.wav,288044,True,,48000,1,144000,3.0,WAV,PCM_16,True,02,141,03,004,01,fall,48000,5,46800,0.075
C:\Users\USER\Documents\ESP32-S3-BOX-3-Voice-project\acoustic-alert-system\data\raw\02-145-00-248-02.wav,02-145-00-248-02.wav,02-145-00-248-02.wav,288044,True,,48000,1,144000,3.0,WAV,PCM_16,True,02,145,00,248,02,non_fall,48000,5,46800,0.075
C:\Users\USER\Documents\ESP32-S3-BOX-3-Voice-project\acoustic-alert-system\data\raw\02-146-02-121-01.wav,02-146-02-121-01.wav,02-146-02-121-01.wav,288044,True,,48000,1,144000,3.0,WAV,PCM_16,True,02,146,02,121,01,fall,48000,5,46800,0.075
C:\Users\USER\Documents\ESP32-S3-BOX-3-Voice-project\acoustic-alert-system\data\raw\02-154-00-142-02.wav,02-154-00-142-02.wav,02-154-00-142-02.wav,288044,True,,48000,1,144000,3.0,WAV,PCM_16,True,02,154,00,142,02,non_fall,48000,5,46800,0.075
C:\Users\USER\Documents\ESP32-S3-BOX-3-Voice-project\acoustic-alert-system\data\raw\02-160-03-015-01.wav,02-160-03-015-01.wav,02-160-03-015-01.wav,288044,True,,48000,1,144000,3.0,WAV,PCM_16,True,02,160,03,015,01,fall,48000,5,46800,0.075
C:\Users\USER\Documents\ESP32-S3-BOX-3-Voice-project\acoustic-alert-system\data\raw\02-166-00-239-02.wav,02-166-00-239-02.wav,02-166-00-239-02.wav,288044,True,,48000,1,144000,3.0,WAV,PCM_16,True,02,166,00,239,02,non_fall,48000,5,46800,0.075
C:\Users\USER\Documents\ESP32-S3-BOX-3-Voice-project\acoustic-alert-system\data\raw\02-167-00-106-02.wav,02-167-00-106-02.wav,02-167-00-106-02.wav,288044,True,,48000,1,144000,3.0,WAV,PCM_16,True,02,167,00,106,02,non_fall,48000,5,46800,0.075
C:\Users\USER\Documents\ESP32-S3-BOX-3-Voice-project\acoustic-alert-system\data\raw\02-169-06-007-01.wav,02-169-06-007-01.wav,02-169-06-007-01.wav,288044,True,,48000,1,144000,3.0,WAV,PCM_16,True,02,169,06,007,01,fall,48000,5,46800,0.075
C:\Users\USER\Documents\ESP32-S3-BOX-3-Voice-project\acoustic-alert-system\data\raw\02-176-05-027-01.wav,02-176-05-027-01.wav,02-176-05-027-01.wav,288044,True,,48000,1,144000,3.0,WAV,PCM_16,True,02,176,05,027,01,fall,48000,5,46800,0.075
C:\Users\USER\Documents\ESP32-S3-BOX-3-Voice-project\acoustic-alert-system\data\raw\02-180-02-066-01.wav,02-180-02-066-01.wav,02-180-02-066-01.wav,288044,True,,48000,1,144000,3.0,WAV,PCM_16,True,02,180,02,066,01,fall,48000,5,46800,0.075
C:\Users\USER\Documents\ESP32-S3-BOX-3-Voice-project\acoustic-alert-system\data\raw\02-183-00-334-02.wav,02-183-00-334-02.wav,02-183-00-334-02.wav,288044,True,,48000,1,144000,3.0,WAV,PCM_16,True,02,183,00,334,02,non_fall,48000,5,46800,0.075
C:\Users\USER\Documents\ESP32-S3-BOX-3-Voice-project\acoustic-alert-system\data\raw\02-184-01-010-01.wav,02-184-01-010-01.wav,02-184-01-010-01.wav,288044,True,,48000,1,144000,3.0,WAV,PCM_16,True,02,184,01,010,01,fall,48000,5,46800,0.075
C:\Users\USER\Documents\ESP32-S3-BOX-3-Voice-project\acoustic-alert-system\data\raw\02-206-05-060-01.wav,02-206-05-060-01.wav,02-206-05-060-01.wav,288044,True,,48000,1,144000,3.0,WAV,PCM_16,True,02,206,05,060,01,fall,48000,5,46800,0.075
C:\Users\USER\Documents\ESP32-S3-BOX-3-Voice-project\acoustic-alert-system\data\raw\02-219-00-356-02.wav,02-219-00-356-02.wav,02-219-00-356-02.wav,288044,True,,48000,1,144000,3.0,WAV,PCM_16,True,02,219,00,356,02,non_fall,48000,5,46800,0.075
C:\Users\USER\Documents\ESP32-S3-BOX-3-Voice-project\acoustic-alert-system\data\raw\02-242-00-289-02.wav,02-242-00-289-02.wav,02-242-00-289-02.wav,288044,True,,48000,1,144000,3.0,WAV,PCM_16,True,02,242,00,289,02,non_fall,48000,5,46800,0.075
C:\Users\USER\Documents\ESP32-S3-BOX-3-Voice-project\acoustic-alert-system\data\raw\02-247-05-013-01.wav,02-247-05-013-01.wav,02-247-05-013-01.wav,288044,True,,48000,1,144000,3.0,WAV,PCM_16,True,02,247,05,013,01,fall,48000,5,46800,0.075
C:\Users\USER\Documents\ESP32-S3-BOX-3-Voice-project\acoustic-alert-system\data\raw\02-251-04-057-01.wav,02-251-04-057-01.wav,02-251-04-057-01.wav,288044,True,,48000,1,144000,3.0,WAV,PCM_16,True,02,251,04,057,01,fall,48000,5,46800,0.075
C:\Users\USER\Documents\ESP32-S3-BOX-3-Voice-project\acoustic-alert-system\data\raw\02-256-00-271-02.wav,02-256-00-271-02.wav,02-256-00-271-02.wav,288044,True,,48000,1,144000,3.0,WAV,PCM_16,True,02,256,00,271,02,non_fall,48000,5,46800,0.075
C:\Users\USER\Documents\ESP32-S3-BOX-3-Voice-project\acoustic-alert-system\data\raw\02-264-02-035-01.wav,02-264-02-035-01.wav,02-264-02-035-01.wav,275244,True,,48000,1,137600,2.8666666666666667,WAV,PCM_16,True,02,264,02,035,01,fall,45866,4,39000,0.429125
C:\Users\USER\Documents\ESP32-S3-BOX-3-Voice-project\acoustic-alert-system\data\raw\02-267-02-041-01.wav,02-267-02-041-01.wav,02-267-02-041-01.wav,288044,True,,48000,1,144000,3.0,WAV,PCM_16,True,02,267,02,041,01,fall,48000,5,46800,0.075
C:\Users\USER\Documents\ESP32-S3-BOX-3-Voice-project\acoustic-alert-system\data\raw\02-269-00-196-02.wav,02-269-00-196-02.wav,02-269-00-196-02.wav,288044,True,,48000,1,144000,3.0,WAV,PCM_16,True,02,269,00,196,02,non_fall,48000,5,46800,0.075
C:\Users\USER\Documents\ESP32-S3-BOX-3-Voice-project\acoustic-alert-system\data\raw\02-274-07-028-01.wav,02-274-07-028-01.wav,02-274-07-028-01.wav,288044,True,,48000,1,144000,3.0,WAV,PCM_16,True,02,274,07,028,01,fall,48000,5,46800,0.075
C:\Users\USER\Documents\ESP32-S3-BOX-3-Voice-project\acoustic-alert-system\data\raw\02-285-07-053-01.wav,02-285-07-053-01.wav,02-285-07-053-01.wav,288044,True,,48000,1,144000,3.0,WAV,PCM_16,True,02,285,07,053,01,fall,48000,5,46800,0.075
C:\Users\USER\Documents\ESP32-S3-BOX-3-Voice-project\acoustic-alert-system\data\raw\02-291-00-194-02.wav,02-291-00-194-02.wav,02-291-00-194-02.wav,288044,True,,48000,1,144000,3.0,WAV,PCM_16,True,02,291,00,194,02,non_fall,48000,5,46800,0.075
C:\Users\USER\Documents\ESP32-S3-BOX-3-Voice-project\acoustic-alert-system\data\raw\02-306-00-211-02.wav,02-306-00-211-02.wav,02-306-00-211-02.wav,288044,True,,48000,1,144000,3.0,WAV,PCM_16,True,02,306,00,211,02,non_fall,48000,5,46800,0.075
C:\Users\USER\Documents\ESP32-S3-BOX-3-Voice-project\acoustic-alert-system\data\raw\02-310-02-003-01.wav,02-310-02-003-01.wav,02-310-02-003-01.wav,288044,True,,48000,1,144000,3.0,WAV,PCM_16,True,02,310,02,003,01,fall,48000,5,46800,0.075
C:\Users\USER\Documents\ESP32-S3-BOX-3-Voice-project\acoustic-alert-system\data\raw\02-322-00-322-02.wav,02-322-00-322-02.wav,02-322-00-322-02.wav,288044,True,,48000,1,144000,3.0,WAV,PCM_16,True,02,322,00,322,02,non_fall,48000,5,46800,0.075
C:\Users\USER\Documents\ESP32-S3-BOX-3-Voice-project\acoustic-alert-system\data\raw\02-325-04-089-01.wav,02-325-04-089-01.wav,02-325-04-089-01.wav,288044,True,,48000,1,144000,3.0,WAV,PCM_16,True,02,325,04,089,01,fall,48000,5,46800,0.075
C:\Users\USER\Documents\ESP32-S3-BOX-3-Voice-project\acoustic-alert-system\data\raw\02-349-01-030-01.wav,02-349-01-030-01.wav,02-349-01-030-01.wav,288044,True,,48000,1,144000,3.0,WAV,PCM_16,True,02,349,01,030,01,fall,48000,5,46800,0.075
C:\Users\USER\Documents\ESP32-S3-BOX-3-Voice-project\acoustic-alert-system\data\raw\02-352-00-077-02.wav,02-352-00-077-02.wav,02-352-00-077-02.wav,288044,True,,48000,1,144000,3.0,WAV,PCM_16,True,02,352,00,077,02,non_fall,48000,5,46800,0.075
C:\Users\USER\Documents\ESP32-S3-BOX-3-Voice-project\acoustic-alert-system\data\raw\02-368-00-224-02.wav,02-368-00-224-02.wav,02-368-00-224-02.wav,288044,True,,48000,1,144000,3.0,WAV,PCM_16,True,02,368,00,224,02,non_fall,48000,5,46800,0.075
C:\Users\USER\Documents\ESP32-S3-BOX-3-Voice-project\acoustic-alert-system\data\raw\02-379-00-178-02.wav,02-379-00-178-02.wav,02-379-00-178-02.wav,288044,True,,48000,1,144000,3.0,WAV,PCM_16,True,02,379,00,178,02,non_fall,48000,5,46800,0.075
C:\Users\USER\Documents\ESP32-S3-BOX-3-Voice-project\acoustic-alert-system\data\raw\02-381-07-034-01.wav,02-381-07-034-01.wav,02-381-07-034-01.wav,288044,True,,48000,1,144000,3.0,WAV,PCM_16,True,02,381,07,034,01,fall,48000,5,46800,0.075
C:\Users\USER\Documents\ESP32-S3-BOX-3-Voice-project\acoustic-alert-system\data\raw\02-386-05-001-01.wav,02-386-05-001-01.wav,02-386-05-001-01.wav,288044,True,,48000,1,144000,3.0,WAV,PCM_16,True,02,386,05,001,01,fall,48000,5,46800,0.075
C:\Users\USER\Documents\ESP32-S3-BOX-3-Voice-project\acoustic-alert-system\data\raw\02-400-00-365-02.wav,02-400-00-365-02.wav,02-400-00-365-02.wav,288044,True,,48000,1,144000,3.0,WAV,PCM_16,True,02,400,00,365,02,non_fall,48000,5,46800,0.075
C:\Users\USER\Documents\ESP32-S3-BOX-3-Voice-project\acoustic-alert-system\data\raw\02-469-00-361-02.wav,02-469-00-361-02.wav,02-469-00-361-02.wav,288044,True,,48000,1,144000,3.0,WAV,PCM_16,True,02,469,00,361,02,non_fall,48000,5,46800,0.075
C:\Users\USER\Documents\ESP32-S3-BOX-3-Voice-project\acoustic-alert-system\data\raw\02-484-00-458-02.wav,02-484-00-458-02.wav,02-484-00-458-02.wav,288044,True,,48000,1,144000,3.0,WAV,PCM_16,True,02,484,00,458,02,non_fall,48000,5,46800,0.075
C:\Users\USER\Documents\ESP32-S3-BOX-3-Voice-project\acoustic-alert-system\data\raw\02-497-00-201-02.wav,02-497-00-201-02.wav,02-497-00-201-02.wav,288044,True,,48000,1,144000,3.0,WAV,PCM_16,True,02,497,00,201,02,non_fall,48000,5,46800,0.075
C:\Users\USER\Documents\ESP32-S3-BOX-3-Voice-project\acoustic-alert-system\data\raw\02-510-05-026-01.wav,02-510-05-026-01.wav,02-510-05-026-01.wav,288044,True,,48000,1,144000,3.0,WAV,PCM_16,True,02,510,05,026,01,fall,48000,5,46800,0.075
C:\Users\USER\Documents\ESP32-S3-BOX-3-Voice-project\acoustic-alert-system\data\raw\02-517-07-040-01.wav,02-517-07-040-01.wav,02-517-07-040-01.wav,288044,True,,48000,1,144000,3.0,WAV,PCM_16,True,02,517,07,040,01,fall,48000,5,46800,0.075
C:\Users\USER\Documents\ESP32-S3-BOX-3-Voice-project\acoustic-alert-system\data\raw\02-520-04-075-01.wav,02-520-04-075-01.wav,02-520-04-075-01.wav,288044,True,,48000,1,144000,3.0,WAV,PCM_16,True,02,520,04,075,01,fall,48000,5,46800,0.075
C:\Users\USER\Documents\ESP32-S3-BOX-3-Voice-project\acoustic-alert-system\data\raw\02-528-05-044-01.wav,02-528-05-044-01.wav,02-528-05-044-01.wav,288044,True,,48000,1,144000,3.0,WAV,PCM_16,True,02,528,05,044,01,fall,48000,5,46800,0.075
C:\Users\USER\Documents\ESP32-S3-BOX-3-Voice-project\acoustic-alert-system\data\raw\02-553-07-017-01.wav,02-553-07-017-01.wav,02-553-07-017-01.wav,288044,True,,48000,1,144000,3.0,WAV,PCM_16,True,02,553,07,017,01,fall,48000,5,46800,0.075
C:\Users\USER\Documents\ESP32-S3-BOX-3-Voice-project\acoustic-alert-system\data\raw\02-561-00-377-02.wav,02-561-00-377-02.wav,02-561-00-377-02.wav,288044,True,,48000,1,144000,3.0,WAV,PCM_16,True,02,561,00,377,02,non_fall,48000,5,46800,0.075
C:\Users\USER\Documents\ESP32-S3-BOX-3-Voice-project\acoustic-alert-system\data\raw\02-600-00-214-02.wav,02-600-00-214-02.wav,02-600-00-214-02.wav,288044,True,,48000,1,144000,3.0,WAV,PCM_16,True,02,600,00,214,02,non_fall,48000,5,46800,0.075
C:\Users\USER\Documents\ESP32-S3-BOX-3-Voice-project\acoustic-alert-system\data\raw\02-603-05-055-01.wav,02-603-05-055-01.wav,02-603-05-055-01.wav,288044,True,,48000,1,144000,3.0,WAV,PCM_16,True,02,603,05,055,01,fall,48000,5,46800,0.075
C:\Users\USER\Documents\ESP32-S3-BOX-3-Voice-project\acoustic-alert-system\data\raw\02-608-00-364-02.wav,02-608-00-364-02.wav,02-608-00-364-02.wav,288044,True,,48000,1,144000,3.0,WAV,PCM_16,True,02,608,00,364,02,non_fall,48000,5,46800,0.075
C:\Users\USER\Documents\ESP32-S3-BOX-3-Voice-project\acoustic-alert-system\data\raw\02-609-00-169-02.wav,02-609-00-169-02.wav,02-609-00-169-02.wav,288044,True,,48000,1,144000,3.0,WAV,PCM_16,True,02,609,00,169,02,non_fall,48000,5,46800,0.075
C:\Users\USER\Documents\ESP32-S3-BOX-3-Voice-project\acoustic-alert-system\data\raw\02-612-00-471-02.wav,02-612-00-471-02.wav,02-612-00-471-02.wav,288044,True,,48000,1,144000,3.0,WAV,PCM_16,True,02,612,00,471,02,non_fall,48000,5,46800,0.075
C:\Users\USER\Documents\ESP32-S3-BOX-3-Voice-project\acoustic-alert-system\data\raw\02-630-00-080-02.wav,02-630-00-080-02.wav,02-630-00-080-02.wav,288044,True,,48000,1,144000,3.0,WAV,PCM_16,True,02,630,00,080,02,non_fall,48000,5,46800,0.075
C:\Users\USER\Documents\ESP32-S3-BOX-3-Voice-project\acoustic-alert-system\data\raw\02-672-02-095-01.wav,02-672-02-095-01.wav,02-672-02-095-01.wav,288044,True,,48000,1,144000,3.0,WAV,PCM_16,True,02,672,02,095,01,fall,48000,5,46800,0.075
C:\Users\USER\Documents\ESP32-S3-BOX-3-Voice-project\acoustic-alert-system\data\raw\02-690-00-320-02.wav,02-690-00-320-02.wav,02-690-00-320-02.wav,288044,True,,48000,1,144000,3.0,WAV,PCM_16,True,02,690,00,320,02,non_fall,48000,5,46800,0.075
C:\Users\USER\Documents\ESP32-S3-BOX-3-Voice-project\acoustic-alert-system\data\raw\02-691-05-021-01.wav,02-691-05-021-01.wav,02-691-05-021-01.wav,288044,True,,48000,1,144000,3.0,WAV,PCM_16,True,02,691,05,021,01,fall,48000,5,46800,0.075
C:\Users\USER\Documents\ESP32-S3-BOX-3-Voice-project\acoustic-alert-system\data\raw\02-692-02-109-01.wav,02-692-02-109-01.wav,02-692-02-109-01.wav,288044,True,,48000,1,144000,3.0,WAV,PCM_16,True,02,692,02,109,01,fall,48000,5,46800,0.075
C:\Users\USER\Documents\ESP32-S3-BOX-3-Voice-project\acoustic-alert-system\data\raw\02-705-00-165-02.wav,02-705-00-165-02.wav,02-705-00-165-02.wav,288044,True,,48000,1,144000,3.0,WAV,PCM_16,True,02,705,00,165,02,non_fall,48000,5,46800,0.075
C:\Users\USER\Documents\ESP32-S3-BOX-3-Voice-project\acoustic-alert-system\data\raw\02-735-02-005-01.wav,02-735-02-005-01.wav,02-735-02-005-01.wav,288044,True,,48000,1,144000,3.0,WAV,PCM_16,True,02,735,02,005,01,fall,48000,5,46800,0.075
C:\Users\USER\Documents\ESP32-S3-BOX-3-Voice-project\acoustic-alert-system\data\raw\02-736-00-351-02.wav,02-736-00-351-02.wav,02-736-00-351-02.wav,288044,True,,48000,1,144000,3.0,WAV,PCM_16,True,02,736,00,351,02,non_fall,48000,5,46800,0.075
C:\Users\USER\Documents\ESP32-S3-BOX-3-Voice-project\acoustic-alert-system\data\raw\02-737-02-033-01.wav,02-737-02-033-01.wav,02-737-02-033-01.wav,288044,True,,48000,1,144000,3.0,WAV,PCM_16,True,02,737,02,033,01,fall,48000,5,46800,0.075
C:\Users\USER\Documents\ESP32-S3-BOX-3-Voice-project\acoustic-alert-system\data\raw\02-744-07-041-01.wav,02-744-07-041-01.wav,02-744-07-041-01.wav,288044,True,,48000,1,144000,3.0,WAV,PCM_16,True,02,744,07,041,01,fall,48000,5,46800,0.075
C:\Users\USER\Documents\ESP32-S3-BOX-3-Voice-project\acoustic-alert-system\data\raw\02-753-00-297-02.wav,02-753-00-297-02.wav,02-753-00-297-02.wav,288044,True,,48000,1,144000,3.0,WAV,PCM_16,True,02,753,00,297,02,non_fall,48000,5,46800,0.075
C:\Users\USER\Documents\ESP32-S3-BOX-3-Voice-project\acoustic-alert-system\data\raw\02-754-03-019-01.wav,02-754-03-019-01.wav,02-754-03-019-01.wav,288044,True,,48000,1,144000,3.0,WAV,PCM_16,True,02,754,03,019,01,fall,48000,5,46800,0.075
C:\Users\USER\Documents\ESP32-S3-BOX-3-Voice-project\acoustic-alert-system\data\raw\02-759-04-091-01.wav,02-759-04-091-01.wav,02-759-04-091-01.wav,288044,True,,48000,1,144000,3.0,WAV,PCM_16,True,02,759,04,091,01,fall,48000,5,46800,0.075
C:\Users\USER\Documents\ESP32-S3-BOX-3-Voice-project\acoustic-alert-system\data\raw\02-764-04-082-01.wav,02-764-04-082-01.wav,02-764-04-082-01.wav,288044,True,,48000,1,144000,3.0,WAV,PCM_16,True,02,764,04,082,01,fall,48000,5,46800,0.075
C:\Users\USER\Documents\ESP32-S3-BOX-3-Voice-project\acoustic-alert-system\data\raw\02-781-00-031-02.wav,02-781-00-031-02.wav,02-781-00-031-02.wav,288044,True,,48000,1,144000,3.0,WAV,PCM_16,True,02,781,00,031,02,non_fall,48000,5,46800,0.075
C:\Users\USER\Documents\ESP32-S3-BOX-3-Voice-project\acoustic-alert-system\data\raw\02-784-00-393-02.wav,02-784-00-393-02.wav,02-784-00-393-02.wav,288044,True,,48000,1,144000,3.0,WAV,PCM_16,True,02,784,00,393,02,non_fall,48000,5,46800,0.075
C:\Users\USER\Documents\ESP32-S3-BOX-3-Voice-project\acoustic-alert-system\data\raw\02-785-07-004-01.wav,02-785-07-004-01.wav,02-785-07-004-01.wav,288044,True,,48000,1,144000,3.0,WAV,PCM_16,True,02,785,07,004,01,fall,48000,5,46800,0.075
C:\Users\USER\Documents\ESP32-S3-BOX-3-Voice-project\acoustic-alert-system\data\raw\02-797-00-369-02.wav,02-797-00-369-02.wav,02-797-00-369-02.wav,288044,True,,48000,1,144000,3.0,WAV,PCM_16,True,02,797,00,369,02,non_fall,48000,5,46800,0.075
C:\Users\USER\Documents\ESP32-S3-BOX-3-Voice-project\acoustic-alert-system\data\raw\02-806-00-042-02.wav,02-806-00-042-02.wav,02-806-00-042-02.wav,288044,True,,48000,1,144000,3.0,WAV,PCM_16,True,02,806,00,042,02,non_fall,48000,5,46800,0.075
C:\Users\USER\Documents\ESP32-S3-BOX-3-Voice-project\acoustic-alert-system\data\raw\02-816-00-405-02.wav,02-816-00-405-02.wav,02-816-00-405-02.wav,288044,True,,48000,1,144000,3.0,WAV,PCM_16,True,02,816,00,405,02,non_fall,48000,5,46800,0.075
C:\Users\USER\Documents\ESP32-S3-BOX-3-Voice-project\acoustic-alert-system\data\raw\02-819-00-203-02.wav,02-819-00-203-02.wav,02-819-00-203-02.wav,288044,True,,48000,1,144000,3.0,WAV,PCM_16,True,02,819,00,203,02,non_fall,48000,5,46800,0.075
C:\Users\USER\Documents\ESP32-S3-BOX-3-Voice-project\acoustic-alert-system\data\raw\02-821-00-241-02.wav,02-821-00-241-02.wav,02-821-00-241-02.wav,288044,True,,48000,1,144000,3.0,WAV,PCM_16,True,02,821,00,241,02,non_fall,48000,5,46800,0.075
C:\Users\USER\Documents\ESP32-S3-BOX-3-Voice-project\acoustic-alert-system\data\raw\02-826-04-030-01.wav,02-826-04-030-01.wav,02-826-04-030-01.wav,288044,True,,48000,1,144000,3.0,WAV,PCM_16,True,02,826,04,030,01,fall,48000,5,46800,0.075
C:\Users\USER\Documents\ESP32-S3-BOX-3-Voice-project\acoustic-alert-system\data\raw\02-850-00-253-02.wav,02-850-00-253-02.wav,02-850-00-253-02.wav,288044,True,,48000,1,144000,3.0,WAV,PCM_16,True,02,850,00,253,02,non_fall,48000,5,46800,0.075
C:\Users\USER\Documents\ESP32-S3-BOX-3-Voice-project\acoustic-alert-system\data\raw\02-869-00-323-02.wav,02-869-00-323-02.wav,02-869-00-323-02.wav,288044,True,,48000,1,144000,3.0,WAV,PCM_16,True,02,869,00,323,02,non_fall,48000,5,46800,0.075
C:\Users\USER\Documents\ESP32-S3-BOX-3-Voice-project\acoustic-alert-system\data\raw\02-876-00-373-02.wav,02-876-00-373-02.wav,02-876-00-373-02.wav,288044,True,,48000,1,144000,3.0,WAV,PCM_16,True,02,876,00,373,02,non_fall,48000,5,46800,0.075
C:\Users\USER\Documents\ESP32-S3-BOX-3-Voice-project\acoustic-alert-system\data\raw\02-881-00-051-02.wav,02-881-00-051-02.wav,02-881-00-051-02.wav,288044,True,,48000,1,144000,3.0,WAV,PCM_16,True,02,881,00,051,02,non_fall,48000,5,46800,0.075
C:\Users\USER\Documents\ESP32-S3-BOX-3-Voice-project\acoustic-alert-system\data\raw\02-904-03-021-01.wav,02-904-03-021-01.wav,02-904-03-021-01.wav,288044,True,,48000,1,144000,3.0,WAV,PCM_16,True,02,904,03,021,01,fall,48000,5,46800,0.075
C:\Users\USER\Documents\ESP32-S3-BOX-3-Voice-project\acoustic-alert-system\data\raw\02-905-07-016-01.wav,02-905-07-016-01.wav,02-905-07-016-01.wav,288044,True,,48000,1,144000,3.0,WAV,PCM_16,True,02,905,07,016,01,fall,48000,5,46800,0.075
C:\Users\USER\Documents\ESP32-S3-BOX-3-Voice-project\acoustic-alert-system\data\raw\02-906-00-473-02.wav,02-906-00-473-02.wav,02-906-00-473-02.wav,288044,True,,48000,1,144000,3.0,WAV,PCM_16,True,02,906,00,473,02,non_fall,48000,5,46800,0.075
C:\Users\USER\Documents\ESP32-S3-BOX-3-Voice-project\acoustic-alert-system\data\raw\02-915-00-299-02.wav,02-915-00-299-02.wav,02-915-00-299-02.wav,288044,True,,48000,1,144000,3.0,WAV,PCM_16,True,02,915,00,299,02,non_fall,48000,5,46800,0.075
C:\Users\USER\Documents\ESP32-S3-BOX-3-Voice-project\acoustic-alert-system\data\raw\02-919-07-031-01.wav,02-919-07-031-01.wav,02-919-07-031-01.wav,288044,True,,48000,1,144000,3.0,WAV,PCM_16,True,02,919,07,031,01,fall,48000,5,46800,0.075
C:\Users\USER\Documents\ESP32-S3-BOX-3-Voice-project\acoustic-alert-system\data\raw\02-934-01-004-01.wav,02-934-01-004-01.wav,02-934-01-004-01.wav,288044,True,,48000,1,144000,3.0,WAV,PCM_16,True,02,934,01,004,01,fall,48000,5,46800,0.075
C:\Users\USER\Documents\ESP32-S3-BOX-3-Voice-project\acoustic-alert-system\data\raw\02-942-00-282-02.wav,02-942-00-282-02.wav,02-942-00-282-02.wav,288044,True,,48000,1,144000,3.0,WAV,PCM_16,True,02,942,00,282,02,non_fall,48000,5,46800,0.075
C:\Users\USER\Documents\ESP32-S3-BOX-3-Voice-project\acoustic-alert-system\data\raw\03-003-05-020-01.wav,03-003-05-020-01.wav,03-003-05-020-01.wav,288044,True,,48000,1,144000,3.0,WAV,PCM_16,True,03,003,05,020,01,fall,48000,5,46800,0.075
C:\Users\USER\Documents\ESP32-S3-BOX-3-Voice-project\acoustic-alert-system\data\raw\03-010-07-011-01.wav,03-010-07-011-01.wav,03-010-07-011-01.wav,288044,True,,48000,1,144000,3.0,WAV,PCM_16,True,03,010,07,011,01,fall,48000,5,46800,0.075
C:\Users\USER\Documents\ESP32-S3-BOX-3-Voice-project\acoustic-alert-system\data\raw\03-012-00-440-02.wav,03-012-00-440-02.wav,03-012-00-440-02.wav,288044,True,,48000,1,144000,3.0,WAV,PCM_16,True,03,012,00,440,02,non_fall,48000,5,46800,0.075
C:\Users\USER\Documents\ESP32-S3-BOX-3-Voice-project\acoustic-alert-system\data\raw\03-016-00-047-02.wav,03-016-00-047-02.wav,03-016-00-047-02.wav,288044,True,,48000,1,144000,3.0,WAV,PCM_16,True,03,016,00,047,02,non_fall,48000,5,46800,0.075
C:\Users\USER\Documents\ESP32-S3-BOX-3-Voice-project\acoustic-alert-system\data\raw\03-023-01-033-01.wav,03-023-01-033-01.wav,03-023-01-033-01.wav,288044,True,,48000,1,144000,3.0,WAV,PCM_16,True,03,023,01,033,01,fall,48000,5,46800,0.075
C:\Users\USER\Documents\ESP32-S3-BOX-3-Voice-project\acoustic-alert-system\data\raw\03-033-04-063-01.wav,03-033-04-063-01.wav,03-033-04-063-01.wav,288044,True,,48000,1,144000,3.0,WAV,PCM_16,True,03,033,04,063,01,fall,48000,5,46800,0.075
C:\Users\USER\Documents\ESP32-S3-BOX-3-Voice-project\acoustic-alert-system\data\raw\03-056-00-225-02.wav,03-056-00-225-02.wav,03-056-00-225-02.wav,288044,True,,48000,1,144000,3.0,WAV,PCM_16,True,03,056,00,225,02,non_fall,48000,5,46800,0.075
C:\Users\USER\Documents\ESP32-S3-BOX-3-Voice-project\acoustic-alert-system\data\raw\03-066-07-030-01.wav,03-066-07-030-01.wav,03-066-07-030-01.wav,288044,True,,48000,1,144000,3.0,WAV,PCM_16,True,03,066,07,030,01,fall,48000,5,46800,0.075
C:\Users\USER\Documents\ESP32-S3-BOX-3-Voice-project\acoustic-alert-system\data\raw\03-076-00-465-02.wav,03-076-00-465-02.wav,03-076-00-465-02.wav,288044,True,,48000,1,144000,3.0,WAV,PCM_16,True,03,076,00,465,02,non_fall,48000,5,46800,0.075
C:\Users\USER\Documents\ESP32-S3-BOX-3-Voice-project\acoustic-alert-system\data\raw\03-080-02-062-01.wav,03-080-02-062-01.wav,03-080-02-062-01.wav,288044,True,,48000,1,144000,3.0,WAV,PCM_16,True,03,080,02,062,01,fall,48000,5,46800,0.075
C:\Users\USER\Documents\ESP32-S3-BOX-3-Voice-project\acoustic-alert-system\data\raw\03-089-06-017-01.wav,03-089-06-017-01.wav,03-089-06-017-01.wav,288044,True,,48000,1,144000,3.0,WAV,PCM_16,True,03,089,06,017,01,fall,48000,5,46800,0.075
C:\Users\USER\Documents\ESP32-S3-BOX-3-Voice-project\acoustic-alert-system\data\raw\03-095-01-029-01.wav,03-095-01-029-01.wav,03-095-01-029-01.wav,288044,True,,48000,1,144000,3.0,WAV,PCM_16,True,03,095,01,029,01,fall,48000,5,46800,0.075
C:\Users\USER\Documents\ESP32-S3-BOX-3-Voice-project\acoustic-alert-system\data\raw\03-104-00-263-02.wav,03-104-00-263-02.wav,03-104-00-263-02.wav,288044,True,,48000,1,144000,3.0,WAV,PCM_16,True,03,104,00,263,02,non_fall,48000,5,46800,0.075
C:\Users\USER\Documents\ESP32-S3-BOX-3-Voice-project\acoustic-alert-system\data\raw\03-110-00-251-02.wav,03-110-00-251-02.wav,03-110-00-251-02.wav,288044,True,,48000,1,144000,3.0,WAV,PCM_16,True,03,110,00,251,02,non_fall,48000,5,46800,0.075
C:\Users\USER\Documents\ESP32-S3-BOX-3-Voice-project\acoustic-alert-system\data\raw\03-111-06-026-01.wav,03-111-06-026-01.wav,03-111-06-026-01.wav,288044,True,,48000,1,144000,3.0,WAV,PCM_16,True,03,111,06,026,01,fall,48000,5,46800,0.075
C:\Users\USER\Documents\ESP32-S3-BOX-3-Voice-project\acoustic-alert-system\data\raw\03-135-00-260-02.wav,03-135-00-260-02.wav,03-135-00-260-02.wav,288044,True,,48000,1,144000,3.0,WAV,PCM_16,True,03,135,00,260,02,non_fall,48000,5,46800,0.075
C:\Users\USER\Documents\ESP32-S3-BOX-3-Voice-project\acoustic-alert-system\data\raw\03-148-04-037-01.wav,03-148-04-037-01.wav,03-148-04-037-01.wav,288044,True,,48000,1,144000,3.0,WAV,PCM_16,True,03,148,04,037,01,fall,48000,5,46800,0.075
C:\Users\USER\Documents\ESP32-S3-BOX-3-Voice-project\acoustic-alert-system\data\raw\03-149-02-001-01.wav,03-149-02-001-01.wav,03-149-02-001-01.wav,288044,True,,48000,1,144000,3.0,WAV,PCM_16,True,03,149,02,001,01,fall,48000,5,46800,0.075
C:\Users\USER\Documents\ESP32-S3-BOX-3-Voice-project\acoustic-alert-system\data\raw\03-156-00-076-02.wav,03-156-00-076-02.wav,03-156-00-076-02.wav,288044,True,,48000,1,144000,3.0,WAV,PCM_16,True,03,156,00,076,02,non_fall,48000,5,46800,0.075
C:\Users\USER\Documents\ESP32-S3-BOX-3-Voice-project\acoustic-alert-system\data\raw\03-157-00-138-02.wav,03-157-00-138-02.wav,03-157-00-138-02.wav,288044,True,,48000,1,144000,3.0,WAV,PCM_16,True,03,157,00,138,02,non_fall,48000,5,46800,0.075
C:\Users\USER\Documents\ESP32-S3-BOX-3-Voice-project\acoustic-alert-system\data\raw\03-161-01-016-01.wav,03-161-01-016-01.wav,03-161-01-016-01.wav,288044,True,,48000,1,144000,3.0,WAV,PCM_16,True,03,161,01,016,01,fall,48000,5,46800,0.075
C:\Users\USER\Documents\ESP32-S3-BOX-3-Voice-project\acoustic-alert-system\data\raw\03-187-00-475-02.wav,03-187-00-475-02.wav,03-187-00-475-02.wav,288044,True,,48000,1,144000,3.0,WAV,PCM_16,True,03,187,00,475,02,non_fall,48000,5,46800,0.075
C:\Users\USER\Documents\ESP32-S3-BOX-3-Voice-project\acoustic-alert-system\data\raw\03-188-04-006-01.wav,03-188-04-006-01.wav,03-188-04-006-01.wav,288044,True,,48000,1,144000,3.0,WAV,PCM_16,True,03,188,04,006,01,fall,48000,5,46800,0.075
C:\Users\USER\Documents\ESP32-S3-BOX-3-Voice-project\acoustic-alert-system\data\raw\03-193-00-249-02.wav,03-193-00-249-02.wav,03-193-00-249-02.wav,288044,True,,48000,1,144000,3.0,WAV,PCM_16,True,03,193,00,249,02,non_fall,48000,5,46800,0.075
C:\Users\USER\Documents\ESP32-S3-BOX-3-Voice-project\acoustic-alert-system\data\raw\03-198-00-460-02.wav,03-198-00-460-02.wav,03-198-00-460-02.wav,288044,True,,48000,1,144000,3.0,WAV,PCM_16,True,03,198,00,460,02,non_fall,48000,5,46800,0.075
C:\Users\USER\Documents\ESP32-S3-BOX-3-Voice-project\acoustic-alert-system\data\raw\03-205-02-047-01.wav,03-205-02-047-01.wav,03-205-02-047-01.wav,288044,True,,48000,1,144000,3.0,WAV,PCM_16,True,03,205,02,047,01,fall,48000,5,46800,0.075
C:\Users\USER\Documents\ESP32-S3-BOX-3-Voice-project\acoustic-alert-system\data\raw\03-213-00-217-02.wav,03-213-00-217-02.wav,03-213-00-217-02.wav,288044,True,,48000,1,144000,3.0,WAV,PCM_16,True,03,213,00,217,02,non_fall,48000,5,46800,0.075
C:\Users\USER\Documents\ESP32-S3-BOX-3-Voice-project\acoustic-alert-system\data\raw\03-214-00-433-02.wav,03-214-00-433-02.wav,03-214-00-433-02.wav,288044,True,,48000,1,144000,3.0,WAV,PCM_16,True,03,214,00,433,02,non_fall,48000,5,46800,0.075
C:\Users\USER\Documents\ESP32-S3-BOX-3-Voice-project\acoustic-alert-system\data\raw\03-218-00-414-02.wav,03-218-00-414-02.wav,03-218-00-414-02.wav,288044,True,,48000,1,144000,3.0,WAV,PCM_16,True,03,218,00,414,02,non_fall,48000,5,46800,0.075
C:\Users\USER\Documents\ESP32-S3-BOX-3-Voice-project\acoustic-alert-system\data\raw\03-240-02-070-01.wav,03-240-02-070-01.wav,03-240-02-070-01.wav,288044,True,,48000,1,144000,3.0,WAV,PCM_16,True,03,240,02,070,01,fall,48000,5,46800,0.075
C:\Users\USER\Documents\ESP32-S3-BOX-3-Voice-project\acoustic-alert-system\data\raw\03-243-02-063-01.wav,03-243-02-063-01.wav,03-243-02-063-01.wav,288044,True,,48000,1,144000,3.0,WAV,PCM_16,True,03,243,02,063,01,fall,48000,5,46800,0.075
C:\Users\USER\Documents\ESP32-S3-BOX-3-Voice-project\acoustic-alert-system\data\raw\03-255-00-164-02.wav,03-255-00-164-02.wav,03-255-00-164-02.wav,288044,True,,48000,1,144000,3.0,WAV,PCM_16,True,03,255,00,164,02,non_fall,48000,5,46800,0.075
C:\Users\USER\Documents\ESP32-S3-BOX-3-Voice-project\acoustic-alert-system\data\raw\03-263-05-048-01.wav,03-263-05-048-01.wav,03-263-05-048-01.wav,288044,True,,48000,1,144000,3.0,WAV,PCM_16,True,03,263,05,048,01,fall,48000,5,46800,0.075
C:\Users\USER\Documents\ESP32-S3-BOX-3-Voice-project\acoustic-alert-system\data\raw\03-292-02-039-01.wav,03-292-02-039-01.wav,03-292-02-039-01.wav,288044,True,,48000,1,144000,3.0,WAV,PCM_16,True,03,292,02,039,01,fall,48000,5,46800,0.075
C:\Users\USER\Documents\ESP32-S3-BOX-3-Voice-project\acoustic-alert-system\data\raw\03-294-00-450-02.wav,03-294-00-450-02.wav,03-294-00-450-02.wav,288044,True,,48000,1,144000,3.0,WAV,PCM_16,True,03,294,00,450,02,non_fall,48000,5,46800,0.075
C:\Users\USER\Documents\ESP32-S3-BOX-3-Voice-project\acoustic-alert-system\data\raw\03-296-00-205-02.wav,03-296-00-205-02.wav,03-296-00-205-02.wav,288044,True,,48000,1,144000,3.0,WAV,PCM_16,True,03,296,00,205,02,non_fall,48000,5,46800,0.075
C:\Users\USER\Documents\ESP32-S3-BOX-3-Voice-project\acoustic-alert-system\data\raw\03-307-00-067-02.wav,03-307-00-067-02.wav,03-307-00-067-02.wav,288044,True,,48000,1,144000,3.0,WAV,PCM_16,True,03,307,00,067,02,non_fall,48000,5,46800,0.075
C:\Users\USER\Documents\ESP32-S3-BOX-3-Voice-project\acoustic-alert-system\data\raw\03-323-00-410-02.wav,03-323-00-410-02.wav,03-323-00-410-02.wav,288044,True,,48000,1,144000,3.0,WAV,PCM_16,True,03,323,00,410,02,non_fall,48000,5,46800,0.075
C:\Users\USER\Documents\ESP32-S3-BOX-3-Voice-project\acoustic-alert-system\data\raw\03-334-04-069-01.wav,03-334-04-069-01.wav,03-334-04-069-01.wav,288044,True,,48000,1,144000,3.0,WAV,PCM_16,True,03,334,04,069,01,fall,48000,5,46800,0.075
C:\Users\USER\Documents\ESP32-S3-BOX-3-Voice-project\acoustic-alert-system\data\raw\03-335-06-003-01.wav,03-335-06-003-01.wav,03-335-06-003-01.wav,288044,True,,48000,1,144000,3.0,WAV,PCM_16,True,03,335,06,003,01,fall,48000,5,46800,0.075
C:\Users\USER\Documents\ESP32-S3-BOX-3-Voice-project\acoustic-alert-system\data\raw\03-351-04-055-01.wav,03-351-04-055-01.wav,03-351-04-055-01.wav,288044,True,,48000,1,144000,3.0,WAV,PCM_16,True,03,351,04,055,01,fall,48000,5,46800,0.075
C:\Users\USER\Documents\ESP32-S3-BOX-3-Voice-project\acoustic-alert-system\data\raw\03-369-02-059-01.wav,03-369-02-059-01.wav,03-369-02-059-01.wav,288044,True,,48000,1,144000,3.0,WAV,PCM_16,True,03,369,02,059,01,fall,48000,5,46800,0.075
C:\Users\USER\Documents\ESP32-S3-BOX-3-Voice-project\acoustic-alert-system\data\raw\03-383-02-087-01.wav,03-383-02-087-01.wav,03-383-02-087-01.wav,288044,True,,48000,1,144000,3.0,WAV,PCM_16,True,03,383,02,087,01,fall,48000,5,46800,0.075
C:\Users\USER\Documents\ESP32-S3-BOX-3-Voice-project\acoustic-alert-system\data\raw\03-384-07-007-01.wav,03-384-07-007-01.wav,03-384-07-007-01.wav,288044,True,,48000,1,144000,3.0,WAV,PCM_16,True,03,384,07,007,01,fall,48000,5,46800,0.075
C:\Users\USER\Documents\ESP32-S3-BOX-3-Voice-project\acoustic-alert-system\data\raw\03-387-00-206-02.wav,03-387-00-206-02.wav,03-387-00-206-02.wav,288044,True,,48000,1,144000,3.0,WAV,PCM_16,True,03,387,00,206,02,non_fall,48000,5,46800,0.075
C:\Users\USER\Documents\ESP32-S3-BOX-3-Voice-project\acoustic-alert-system\data\raw\03-393-02-116-01.wav,03-393-02-116-01.wav,03-393-02-116-01.wav,288044,True,,48000,1,144000,3.0,WAV,PCM_16,True,03,393,02,116,01,fall,48000,5,46800,0.075
C:\Users\USER\Documents\ESP32-S3-BOX-3-Voice-project\acoustic-alert-system\data\raw\03-395-04-104-01.wav,03-395-04-104-01.wav,03-395-04-104-01.wav,288044,True,,48000,1,144000,3.0,WAV,PCM_16,True,03,395,04,104,01,fall,48000,5,46800,0.075
C:\Users\USER\Documents\ESP32-S3-BOX-3-Voice-project\acoustic-alert-system\data\raw\03-413-00-232-02.wav,03-413-00-232-02.wav,03-413-00-232-02.wav,288044,True,,48000,1,144000,3.0,WAV,PCM_16,True,03,413,00,232,02,non_fall,48000,5,46800,0.075
C:\Users\USER\Documents\ESP32-S3-BOX-3-Voice-project\acoustic-alert-system\data\raw\03-434-02-064-01.wav,03-434-02-064-01.wav,03-434-02-064-01.wav,288044,True,,48000,1,144000,3.0,WAV,PCM_16,True,03,434,02,064,01,fall,48000,5,46800,0.075
C:\Users\USER\Documents\ESP32-S3-BOX-3-Voice-project\acoustic-alert-system\data\raw\03-436-06-024-01.wav,03-436-06-024-01.wav,03-436-06-024-01.wav,288044,True,,48000,1,144000,3.0,WAV,PCM_16,True,03,436,06,024,01,fall,48000,5,46800,0.075
C:\Users\USER\Documents\ESP32-S3-BOX-3-Voice-project\acoustic-alert-system\data\raw\03-443-00-025-02.wav,03-443-00-025-02.wav,03-443-00-025-02.wav,288044,True,,48000,1,144000,3.0,WAV,PCM_16,True,03,443,00,025,02,non_fall,48000,5,46800,0.075
C:\Users\USER\Documents\ESP32-S3-BOX-3-Voice-project\acoustic-alert-system\data\raw\03-446-00-096-02.wav,03-446-00-096-02.wav,03-446-00-096-02.wav,288044,True,,48000,1,144000,3.0,WAV,PCM_16,True,03,446,00,096,02,non_fall,48000,5,46800,0.075
C:\Users\USER\Documents\ESP32-S3-BOX-3-Voice-project\acoustic-alert-system\data\raw\03-451-01-053-01.wav,03-451-01-053-01.wav,03-451-01-053-01.wav,288044,True,,48000,1,144000,3.0,WAV,PCM_16,True,03,451,01,053,01,fall,48000,5,46800,0.075
C:\Users\USER\Documents\ESP32-S3-BOX-3-Voice-project\acoustic-alert-system\data\raw\03-467-00-402-02.wav,03-467-00-402-02.wav,03-467-00-402-02.wav,288044,True,,48000,1,144000,3.0,WAV,PCM_16,True,03,467,00,402,02,non_fall,48000,5,46800,0.075
C:\Users\USER\Documents\ESP32-S3-BOX-3-Voice-project\acoustic-alert-system\data\raw\03-485-03-008-01.wav,03-485-03-008-01.wav,03-485-03-008-01.wav,288044,True,,48000,1,144000,3.0,WAV,PCM_16,True,03,485,03,008,01,fall,48000,5,46800,0.075
C:\Users\USER\Documents\ESP32-S3-BOX-3-Voice-project\acoustic-alert-system\data\raw\03-500-00-347-02.wav,03-500-00-347-02.wav,03-500-00-347-02.wav,288044,True,,48000,1,144000,3.0,WAV,PCM_16,True,03,500,00,347,02,non_fall,48000,5,46800,0.075
C:\Users\USER\Documents\ESP32-S3-BOX-3-Voice-project\acoustic-alert-system\data\raw\03-501-00-268-02.wav,03-501-00-268-02.wav,03-501-00-268-02.wav,288044,True,,48000,1,144000,3.0,WAV,PCM_16,True,03,501,00,268,02,non_fall,48000,5,46800,0.075
C:\Users\USER\Documents\ESP32-S3-BOX-3-Voice-project\acoustic-alert-system\data\raw\03-523-04-102-01.wav,03-523-04-102-01.wav,03-523-04-102-01.wav,288044,True,,48000,1,144000,3.0,WAV,PCM_16,True,03,523,04,102,01,fall,48000,5,46800,0.075
C:\Users\USER\Documents\ESP32-S3-BOX-3-Voice-project\acoustic-alert-system\data\raw\03-548-00-173-02.wav,03-548-00-173-02.wav,03-548-00-173-02.wav,288044,True,,48000,1,144000,3.0,WAV,PCM_16,True,03,548,00,173,02,non_fall,48000,5,46800,0.075
C:\Users\USER\Documents\ESP32-S3-BOX-3-Voice-project\acoustic-alert-system\data\raw\03-564-00-066-02.wav,03-564-00-066-02.wav,03-564-00-066-02.wav,288044,True,,48000,1,144000,3.0,WAV,PCM_16,True,03,564,00,066,02,non_fall,48000,5,46800,0.075
C:\Users\USER\Documents\ESP32-S3-BOX-3-Voice-project\acoustic-alert-system\data\raw\03-584-00-254-02.wav,03-584-00-254-02.wav,03-584-00-254-02.wav,288044,True,,48000,1,144000,3.0,WAV,PCM_16,True,03,584,00,254,02,non_fall,48000,5,46800,0.075
C:\Users\USER\Documents\ESP32-S3-BOX-3-Voice-project\acoustic-alert-system\data\raw\03-589-02-011-01.wav,03-589-02-011-01.wav,03-589-02-011-01.wav,288044,True,,48000,1,144000,3.0,WAV,PCM_16,True,03,589,02,011,01,fall,48000,5,46800,0.075
C:\Users\USER\Documents\ESP32-S3-BOX-3-Voice-project\acoustic-alert-system\data\raw\03-591-00-429-02.wav,03-591-00-429-02.wav,03-591-00-429-02.wav,288044,True,,48000,1,144000,3.0,WAV,PCM_16,True,03,591,00,429,02,non_fall,48000,5,46800,0.075
C:\Users\USER\Documents\ESP32-S3-BOX-3-Voice-project\acoustic-alert-system\data\raw\03-620-00-081-02.wav,03-620-00-081-02.wav,03-620-00-081-02.wav,288044,True,,48000,1,144000,3.0,WAV,PCM_16,True,03,620,00,081,02,non_fall,48000,5,46800,0.075
C:\Users\USER\Documents\ESP32-S3-BOX-3-Voice-project\acoustic-alert-system\data\raw\03-621-07-042-01.wav,03-621-07-042-01.wav,03-621-07-042-01.wav,288044,True,,48000,1,144000,3.0,WAV,PCM_16,True,03,621,07,042,01,fall,48000,5,46800,0.075
C:\Users\USER\Documents\ESP32-S3-BOX-3-Voice-project\acoustic-alert-system\data\raw\03-629-04-100-01.wav,03-629-04-100-01.wav,03-629-04-100-01.wav,288044,True,,48000,1,144000,3.0,WAV,PCM_16,True,03,629,04,100,01,fall,48000,5,46800,0.075
C:\Users\USER\Documents\ESP32-S3-BOX-3-Voice-project\acoustic-alert-system\data\raw\03-636-02-036-01.wav,03-636-02-036-01.wav,03-636-02-036-01.wav,288044,True,,48000,1,144000,3.0,WAV,PCM_16,True,03,636,02,036,01,fall,48000,5,46800,0.075
C:\Users\USER\Documents\ESP32-S3-BOX-3-Voice-project\acoustic-alert-system\data\raw\03-646-00-452-02.wav,03-646-00-452-02.wav,03-646-00-452-02.wav,288044,True,,48000,1,144000,3.0,WAV,PCM_16,True,03,646,00,452,02,non_fall,48000,5,46800,0.075
C:\Users\USER\Documents\ESP32-S3-BOX-3-Voice-project\acoustic-alert-system\data\raw\03-652-05-071-01.wav,03-652-05-071-01.wav,03-652-05-071-01.wav,288044,True,,48000,1,144000,3.0,WAV,PCM_16,True,03,652,05,071,01,fall,48000,5,46800,0.075
C:\Users\USER\Documents\ESP32-S3-BOX-3-Voice-project\acoustic-alert-system\data\raw\03-659-00-111-02.wav,03-659-00-111-02.wav,03-659-00-111-02.wav,288044,True,,48000,1,144000,3.0,WAV,PCM_16,True,03,659,00,111,02,non_fall,48000,5,46800,0.075
C:\Users\USER\Documents\ESP32-S3-BOX-3-Voice-project\acoustic-alert-system\data\raw\03-661-00-467-02.wav,03-661-00-467-02.wav,03-661-00-467-02.wav,288044,True,,48000,1,144000,3.0,WAV,PCM_16,True,03,661,00,467,02,non_fall,48000,5,46800,0.075
C:\Users\USER\Documents\ESP32-S3-BOX-3-Voice-project\acoustic-alert-system\data\raw\03-667-02-100-01.wav,03-667-02-100-01.wav,03-667-02-100-01.wav,288044,True,,48000,1,144000,3.0,WAV,PCM_16,True,03,667,02,100,01,fall,48000,5,46800,0.075
C:\Users\USER\Documents\ESP32-S3-BOX-3-Voice-project\acoustic-alert-system\data\raw\03-677-01-027-01.wav,03-677-01-027-01.wav,03-677-01-027-01.wav,288044,True,,48000,1,144000,3.0,WAV,PCM_16,True,03,677,01,027,01,fall,48000,5,46800,0.075
C:\Users\USER\Documents\ESP32-S3-BOX-3-Voice-project\acoustic-alert-system\data\raw\03-678-05-070-01.wav,03-678-05-070-01.wav,03-678-05-070-01.wav,288044,True,,48000,1,144000,3.0,WAV,PCM_16,True,03,678,05,070,01,fall,48000,5,46800,0.075
C:\Users\USER\Documents\ESP32-S3-BOX-3-Voice-project\acoustic-alert-system\data\raw\03-709-06-015-01.wav,03-709-06-015-01.wav,03-709-06-015-01.wav,288044,True,,48000,1,144000,3.0,WAV,PCM_16,True,03,709,06,015,01,fall,48000,5,46800,0.075
C:\Users\USER\Documents\ESP32-S3-BOX-3-Voice-project\acoustic-alert-system\data\raw\03-725-00-341-02.wav,03-725-00-341-02.wav,03-725-00-341-02.wav,288044,True,,48000,1,144000,3.0,WAV,PCM_16,True,03,725,00,341,02,non_fall,48000,5,46800,0.075
C:\Users\USER\Documents\ESP32-S3-BOX-3-Voice-project\acoustic-alert-system\data\raw\03-727-00-182-02.wav,03-727-00-182-02.wav,03-727-00-182-02.wav,288044,True,,48000,1,144000,3.0,WAV,PCM_16,True,03,727,00,182,02,non_fall,48000,5,46800,0.075
C:\Users\USER\Documents\ESP32-S3-BOX-3-Voice-project\acoustic-alert-system\data\raw\03-730-05-050-01.wav,03-730-05-050-01.wav,03-730-05-050-01.wav,288044,True,,48000,1,144000,3.0,WAV,PCM_16,True,03,730,05,050,01,fall,48000,5,46800,0.075
C:\Users\USER\Documents\ESP32-S3-BOX-3-Voice-project\acoustic-alert-system\data\raw\03-733-00-074-02.wav,03-733-00-074-02.wav,03-733-00-074-02.wav,288044,True,,48000,1,144000,3.0,WAV,PCM_16,True,03,733,00,074,02,non_fall,48000,5,46800,0.075
C:\Users\USER\Documents\ESP32-S3-BOX-3-Voice-project\acoustic-alert-system\data\raw\03-740-00-122-02.wav,03-740-00-122-02.wav,03-740-00-122-02.wav,288044,True,,48000,1,144000,3.0,WAV,PCM_16,True,03,740,00,122,02,non_fall,48000,5,46800,0.075
C:\Users\USER\Documents\ESP32-S3-BOX-3-Voice-project\acoustic-alert-system\data\raw\03-745-00-208-02.wav,03-745-00-208-02.wav,03-745-00-208-02.wav,288044,True,,48000,1,144000,3.0,WAV,PCM_16,True,03,745,00,208,02,non_fall,48000,5,46800,0.075
C:\Users\USER\Documents\ESP32-S3-BOX-3-Voice-project\acoustic-alert-system\data\raw\03-746-00-290-02.wav,03-746-00-290-02.wav,03-746-00-290-02.wav,288044,True,,48000,1,144000,3.0,WAV,PCM_16,True,03,746,00,290,02,non_fall,48000,5,46800,0.075
C:\Users\USER\Documents\ESP32-S3-BOX-3-Voice-project\acoustic-alert-system\data\raw\03-752-06-022-01.wav,03-752-06-022-01.wav,03-752-06-022-01.wav,288044,True,,48000,1,144000,3.0,WAV,PCM_16,True,03,752,06,022,01,fall,48000,5,46800,0.075
C:\Users\USER\Documents\ESP32-S3-BOX-3-Voice-project\acoustic-alert-system\data\raw\03-779-04-078-01.wav,03-779-04-078-01.wav,03-779-04-078-01.wav,288044,True,,48000,1,144000,3.0,WAV,PCM_16,True,03,779,04,078,01,fall,48000,5,46800,0.075
C:\Users\USER\Documents\ESP32-S3-BOX-3-Voice-project\acoustic-alert-system\data\raw\03-780-01-058-01.wav,03-780-01-058-01.wav,03-780-01-058-01.wav,288044,True,,48000,1,144000,3.0,WAV,PCM_16,True,03,780,01,058,01,fall,48000,5,46800,0.075
C:\Users\USER\Documents\ESP32-S3-BOX-3-Voice-project\acoustic-alert-system\data\raw\03-796-00-339-02.wav,03-796-00-339-02.wav,03-796-00-339-02.wav,288044,True,,48000,1,144000,3.0,WAV,PCM_16,True,03,796,00,339,02,non_fall,48000,5,46800,0.075
C:\Users\USER\Documents\ESP32-S3-BOX-3-Voice-project\acoustic-alert-system\data\raw\03-809-00-420-02.wav,03-809-00-420-02.wav,03-809-00-420-02.wav,288044,True,,48000,1,144000,3.0,WAV,PCM_16,True,03,809,00,420,02,non_fall,48000,5,46800,0.075
C:\Users\USER\Documents\ESP32-S3-BOX-3-Voice-project\acoustic-alert-system\data\raw\03-813-00-037-02.wav,03-813-00-037-02.wav,03-813-00-037-02.wav,288044,True,,48000,1,144000,3.0,WAV,PCM_16,True,03,813,00,037,02,non_fall,48000,5,46800,0.075
C:\Users\USER\Documents\ESP32-S3-BOX-3-Voice-project\acoustic-alert-system\data\raw\03-830-00-215-02.wav,03-830-00-215-02.wav,03-830-00-215-02.wav,288044,True,,48000,1,144000,3.0,WAV,PCM_16,True,03,830,00,215,02,non_fall,48000,5,46800,0.075
C:\Users\USER\Documents\ESP32-S3-BOX-3-Voice-project\acoustic-alert-system\data\raw\03-837-00-010-02.wav,03-837-00-010-02.wav,03-837-00-010-02.wav,288044,True,,48000,1,144000,3.0,WAV,PCM_16,True,03,837,00,010,02,non_fall,48000,5,46800,0.075
C:\Users\USER\Documents\ESP32-S3-BOX-3-Voice-project\acoustic-alert-system\data\raw\03-871-07-021-01.wav,03-871-07-021-01.wav,03-871-07-021-01.wav,288044,True,,48000,1,144000,3.0,WAV,PCM_16,True,03,871,07,021,01,fall,48000,5,46800,0.075
C:\Users\USER\Documents\ESP32-S3-BOX-3-Voice-project\acoustic-alert-system\data\raw\03-878-00-094-02.wav,03-878-00-094-02.wav,03-878-00-094-02.wav,288044,True,,48000,1,144000,3.0,WAV,PCM_16,True,03,878,00,094,02,non_fall,48000,5,46800,0.075
C:\Users\USER\Documents\ESP32-S3-BOX-3-Voice-project\acoustic-alert-system\data\raw\03-882-07-036-01.wav,03-882-07-036-01.wav,03-882-07-036-01.wav,288044,True,,48000,1,144000,3.0,WAV,PCM_16,True,03,882,07,036,01,fall,48000,5,46800,0.075
C:\Users\USER\Documents\ESP32-S3-BOX-3-Voice-project\acoustic-alert-system\data\raw\03-900-05-007-01.wav,03-900-05-007-01.wav,03-900-05-007-01.wav,288044,True,,48000,1,144000,3.0,WAV,PCM_16,True,03,900,05,007,01,fall,48000,5,46800,0.075
C:\Users\USER\Documents\ESP32-S3-BOX-3-Voice-project\acoustic-alert-system\data\raw\03-936-04-050-01.wav,03-936-04-050-01.wav,03-936-04-050-01.wav,288044,True,,48000,1,144000,3.0,WAV,PCM_16,True,03,936,04,050,01,fall,48000,5,46800,0.075
C:\Users\USER\Documents\ESP32-S3-BOX-3-Voice-project\acoustic-alert-system\data\raw\04-015-02-104-01.wav,04-015-02-104-01.wav,04-015-02-104-01.wav,288044,True,,48000,1,144000,3.0,WAV,PCM_16,True,04,015,02,104,01,fall,48000,5,46800,0.075
C:\Users\USER\Documents\ESP32-S3-BOX-3-Voice-project\acoustic-alert-system\data\raw\04-018-00-135-02.wav,04-018-00-135-02.wav,04-018-00-135-02.wav,288044,True,,48000,1,144000,3.0,WAV,PCM_16,True,04,018,00,135,02,non_fall,48000,5,46800,0.075
C:\Users\USER\Documents\ESP32-S3-BOX-3-Voice-project\acoustic-alert-system\data\raw\04-026-05-012-01.wav,04-026-05-012-01.wav,04-026-05-012-01.wav,288044,True,,48000,1,144000,3.0,WAV,PCM_16,True,04,026,05,012,01,fall,48000,5,46800,0.075
C:\Users\USER\Documents\ESP32-S3-BOX-3-Voice-project\acoustic-alert-system\data\raw\04-035-01-044-01.wav,04-035-01-044-01.wav,04-035-01-044-01.wav,288044,True,,48000,1,144000,3.0,WAV,PCM_16,True,04,035,01,044,01,fall,48000,5,46800,0.075
C:\Users\USER\Documents\ESP32-S3-BOX-3-Voice-project\acoustic-alert-system\data\raw\04-041-00-177-02.wav,04-041-00-177-02.wav,04-041-00-177-02.wav,288044,True,,48000,1,144000,3.0,WAV,PCM_16,True,04,041,00,177,02,non_fall,48000,5,46800,0.075
C:\Users\USER\Documents\ESP32-S3-BOX-3-Voice-project\acoustic-alert-system\data\raw\04-044-00-250-02.wav,04-044-00-250-02.wav,04-044-00-250-02.wav,288044,True,,48000,1,144000,3.0,WAV,PCM_16,True,04,044,00,250,02,non_fall,48000,5,46800,0.075
C:\Users\USER\Documents\ESP32-S3-BOX-3-Voice-project\acoustic-alert-system\data\raw\04-051-05-002-01.wav,04-051-05-002-01.wav,04-051-05-002-01.wav,288044,True,,48000,1,144000,3.0,WAV,PCM_16,True,04,051,05,002,01,fall,48000,5,46800,0.075
C:\Users\USER\Documents\ESP32-S3-BOX-3-Voice-project\acoustic-alert-system\data\raw\04-054-00-172-02.wav,04-054-00-172-02.wav,04-054-00-172-02.wav,288044,True,,48000,1,144000,3.0,WAV,PCM_16,True,04,054,00,172,02,non_fall,48000,5,46800,0.075
C:\Users\USER\Documents\ESP32-S3-BOX-3-Voice-project\acoustic-alert-system\data\raw\04-061-00-089-02.wav,04-061-00-089-02.wav,04-061-00-089-02.wav,288044,True,,48000,1,144000,3.0,WAV,PCM_16,True,04,061,00,089,02,non_fall,48000,5,46800,0.075
C:\Users\USER\Documents\ESP32-S3-BOX-3-Voice-project\acoustic-alert-system\data\raw\04-063-00-136-02.wav,04-063-00-136-02.wav,04-063-00-136-02.wav,288044,True,,48000,1,144000,3.0,WAV,PCM_16,True,04,063,00,136,02,non_fall,48000,5,46800,0.075
C:\Users\USER\Documents\ESP32-S3-BOX-3-Voice-project\acoustic-alert-system\data\raw\04-064-06-009-01.wav,04-064-06-009-01.wav,04-064-06-009-01.wav,288044,True,,48000,1,144000,3.0,WAV,PCM_16,True,04,064,06,009,01,fall,48000,5,46800,0.075
C:\Users\USER\Documents\ESP32-S3-BOX-3-Voice-project\acoustic-alert-system\data\raw\04-085-01-050-01.wav,04-085-01-050-01.wav,04-085-01-050-01.wav,288044,True,,48000,1,144000,3.0,WAV,PCM_16,True,04,085,01,050,01,fall,48000,5,46800,0.075
C:\Users\USER\Documents\ESP32-S3-BOX-3-Voice-project\acoustic-alert-system\data\raw\04-100-00-198-02.wav,04-100-00-198-02.wav,04-100-00-198-02.wav,288044,True,,48000,1,144000,3.0,WAV,PCM_16,True,04,100,00,198,02,non_fall,48000,5,46800,0.075
C:\Users\USER\Documents\ESP32-S3-BOX-3-Voice-project\acoustic-alert-system\data\raw\04-117-07-020-01.wav,04-117-07-020-01.wav,04-117-07-020-01.wav,288044,True,,48000,1,144000,3.0,WAV,PCM_16,True,04,117,07,020,01,fall,48000,5,46800,0.075
C:\Users\USER\Documents\ESP32-S3-BOX-3-Voice-project\acoustic-alert-system\data\raw\04-122-00-059-02.wav,04-122-00-059-02.wav,04-122-00-059-02.wav,288044,True,,48000,1,144000,3.0,WAV,PCM_16,True,04,122,00,059,02,non_fall,48000,5,46800,0.075
C:\Users\USER\Documents\ESP32-S3-BOX-3-Voice-project\acoustic-alert-system\data\raw\04-130-00-370-02.wav,04-130-00-370-02.wav,04-130-00-370-02.wav,288044,True,,48000,1,144000,3.0,WAV,PCM_16,True,04,130,00,370,02,non_fall,48000,5,46800,0.075
C:\Users\USER\Documents\ESP32-S3-BOX-3-Voice-project\acoustic-alert-system\data\raw\04-133-00-186-02.wav,04-133-00-186-02.wav,04-133-00-186-02.wav,288044,True,,48000,1,144000,3.0,WAV,PCM_16,True,04,133,00,186,02,non_fall,48000,5,46800,0.075
C:\Users\USER\Documents\ESP32-S3-BOX-3-Voice-project\acoustic-alert-system\data\raw\04-134-02-012-01.wav,04-134-02-012-01.wav,04-134-02-012-01.wav,288044,True,,48000,1,144000,3.0,WAV,PCM_16,True,04,134,02,012,01,fall,48000,5,46800,0.075
C:\Users\USER\Documents\ESP32-S3-BOX-3-Voice-project\acoustic-alert-system\data\raw\04-138-00-075-02.wav,04-138-00-075-02.wav,04-138-00-075-02.wav,288044,True,,48000,1,144000,3.0,WAV,PCM_16,True,04,138,00,075,02,non_fall,48000,5,46800,0.075
C:\Users\USER\Documents\ESP32-S3-BOX-3-Voice-project\acoustic-alert-system\data\raw\04-172-02-060-01.wav,04-172-02-060-01.wav,04-172-02-060-01.wav,288044,True,,48000,1,144000,3.0,WAV,PCM_16,True,04,172,02,060,01,fall,48000,5,46800,0.075
C:\Users\USER\Documents\ESP32-S3-BOX-3-Voice-project\acoustic-alert-system\data\raw\04-182-04-086-01.wav,04-182-04-086-01.wav,04-182-04-086-01.wav,288044,True,,48000,1,144000,3.0,WAV,PCM_16,True,04,182,04,086,01,fall,48000,5,46800,0.075
C:\Users\USER\Documents\ESP32-S3-BOX-3-Voice-project\acoustic-alert-system\data\raw\04-186-00-428-02.wav,04-186-00-428-02.wav,04-186-00-428-02.wav,288044,True,,48000,1,144000,3.0,WAV,PCM_16,True,04,186,00,428,02,non_fall,48000,5,46800,0.075
C:\Users\USER\Documents\ESP32-S3-BOX-3-Voice-project\acoustic-alert-system\data\raw\04-192-04-004-01.wav,04-192-04-004-01.wav,04-192-04-004-01.wav,288044,True,,48000,1,144000,3.0,WAV,PCM_16,True,04,192,04,004,01,fall,48000,5,46800,0.075
C:\Users\USER\Documents\ESP32-S3-BOX-3-Voice-project\acoustic-alert-system\data\raw\04-195-00-004-02.wav,04-195-00-004-02.wav,04-195-00-004-02.wav,288044,True,,48000,1,144000,3.0,WAV,PCM_16,True,04,195,00,004,02,non_fall,48000,5,46800,0.075
C:\Users\USER\Documents\ESP32-S3-BOX-3-Voice-project\acoustic-alert-system\data\raw\04-197-01-059-01.wav,04-197-01-059-01.wav,04-197-01-059-01.wav,288044,True,,48000,1,144000,3.0,WAV,PCM_16,True,04,197,01,059,01,fall,48000,5,46800,0.075
C:\Users\USER\Documents\ESP32-S3-BOX-3-Voice-project\acoustic-alert-system\data\raw\04-201-04-032-01.wav,04-201-04-032-01.wav,04-201-04-032-01.wav,288044,True,,48000,1,144000,3.0,WAV,PCM_16,True,04,201,04,032,01,fall,48000,5,46800,0.075
C:\Users\USER\Documents\ESP32-S3-BOX-3-Voice-project\acoustic-alert-system\data\raw\04-202-02-009-01.wav,04-202-02-009-01.wav,04-202-02-009-01.wav,288044,True,,48000,1,144000,3.0,WAV,PCM_16,True,04,202,02,009,01,fall,48000,5,46800,0.075
C:\Users\USER\Documents\ESP32-S3-BOX-3-Voice-project\acoustic-alert-system\data\raw\04-216-02-014-01.wav,04-216-02-014-01.wav,04-216-02-014-01.wav,288044,True,,48000,1,144000,3.0,WAV,PCM_16,True,04,216,02,014,01,fall,48000,5,46800,0.075
C:\Users\USER\Documents\ESP32-S3-BOX-3-Voice-project\acoustic-alert-system\data\raw\04-222-00-385-02.wav,04-222-00-385-02.wav,04-222-00-385-02.wav,288044,True,,48000,1,144000,3.0,WAV,PCM_16,True,04,222,00,385,02,non_fall,48000,5,46800,0.075
C:\Users\USER\Documents\ESP32-S3-BOX-3-Voice-project\acoustic-alert-system\data\raw\04-234-00-033-02.wav,04-234-00-033-02.wav,04-234-00-033-02.wav,288044,True,,48000,1,144000,3.0,WAV,PCM_16,True,04,234,00,033,02,non_fall,48000,5,46800,0.075
C:\Users\USER\Documents\ESP32-S3-BOX-3-Voice-project\acoustic-alert-system\data\raw\04-246-00-006-02.wav,04-246-00-006-02.wav,04-246-00-006-02.wav,288044,True,,48000,1,144000,3.0,WAV,PCM_16,True,04,246,00,006,02,non_fall,48000,5,46800,0.075
C:\Users\USER\Documents\ESP32-S3-BOX-3-Voice-project\acoustic-alert-system\data\raw\04-261-06-019-01.wav,04-261-06-019-01.wav,04-261-06-019-01.wav,288044,True,,48000,1,144000,3.0,WAV,PCM_16,True,04,261,06,019,01,fall,48000,5,46800,0.075
C:\Users\USER\Documents\ESP32-S3-BOX-3-Voice-project\acoustic-alert-system\data\raw\04-278-07-050-01.wav,04-278-07-050-01.wav,04-278-07-050-01.wav,288044,True,,48000,1,144000,3.0,WAV,PCM_16,True,04,278,07,050,01,fall,48000,5,46800,0.075
C:\Users\USER\Documents\ESP32-S3-BOX-3-Voice-project\acoustic-alert-system\data\raw\04-279-00-403-02.wav,04-279-00-403-02.wav,04-279-00-403-02.wav,288044,True,,48000,1,144000,3.0,WAV,PCM_16,True,04,279,00,403,02,non_fall,48000,5,46800,0.075
C:\Users\USER\Documents\ESP32-S3-BOX-3-Voice-project\acoustic-alert-system\data\raw\04-312-02-045-01.wav,04-312-02-045-01.wav,04-312-02-045-01.wav,288044,True,,48000,1,144000,3.0,WAV,PCM_16,True,04,312,02,045,01,fall,48000,5,46800,0.075
C:\Users\USER\Documents\ESP32-S3-BOX-3-Voice-project\acoustic-alert-system\data\raw\04-343-00-287-02.wav,04-343-00-287-02.wav,04-343-00-287-02.wav,288044,True,,48000,1,144000,3.0,WAV,PCM_16,True,04,343,00,287,02,non_fall,48000,5,46800,0.075
C:\Users\USER\Documents\ESP32-S3-BOX-3-Voice-project\acoustic-alert-system\data\raw\04-373-00-109-02.wav,04-373-00-109-02.wav,04-373-00-109-02.wav,288044,True,,48000,1,144000,3.0,WAV,PCM_16,True,04,373,00,109,02,non_fall,48000,5,46800,0.075
C:\Users\USER\Documents\ESP32-S3-BOX-3-Voice-project\acoustic-alert-system\data\raw\04-388-02-061-01.wav,04-388-02-061-01.wav,04-388-02-061-01.wav,288044,True,,48000,1,144000,3.0,WAV,PCM_16,True,04,388,02,061,01,fall,48000,5,46800,0.075
C:\Users\USER\Documents\ESP32-S3-BOX-3-Voice-project\acoustic-alert-system\data\raw\04-406-00-277-02.wav,04-406-00-277-02.wav,04-406-00-277-02.wav,288044,True,,48000,1,144000,3.0,WAV,PCM_16,True,04,406,00,277,02,non_fall,48000,5,46800,0.075
C:\Users\USER\Documents\ESP32-S3-BOX-3-Voice-project\acoustic-alert-system\data\raw\04-424-02-051-01.wav,04-424-02-051-01.wav,04-424-02-051-01.wav,288044,True,,48000,1,144000,3.0,WAV,PCM_16,True,04,424,02,051,01,fall,48000,5,46800,0.075
C:\Users\USER\Documents\ESP32-S3-BOX-3-Voice-project\acoustic-alert-system\data\raw\04-444-04-088-01.wav,04-444-04-088-01.wav,04-444-04-088-01.wav,288044,True,,48000,1,144000,3.0,WAV,PCM_16,True,04,444,04,088,01,fall,48000,5,46800,0.075
C:\Users\USER\Documents\ESP32-S3-BOX-3-Voice-project\acoustic-alert-system\data\raw\04-463-04-041-01.wav,04-463-04-041-01.wav,04-463-04-041-01.wav,288044,True,,48000,1,144000,3.0,WAV,PCM_16,True,04,463,04,041,01,fall,48000,5,46800,0.075
C:\Users\USER\Documents\ESP32-S3-BOX-3-Voice-project\acoustic-alert-system\data\raw\04-472-00-115-02.wav,04-472-00-115-02.wav,04-472-00-115-02.wav,288044,True,,48000,1,144000,3.0,WAV,PCM_16,True,04,472,00,115,02,non_fall,48000,5,46800,0.075
C:\Users\USER\Documents\ESP32-S3-BOX-3-Voice-project\acoustic-alert-system\data\raw\04-477-00-378-02.wav,04-477-00-378-02.wav,04-477-00-378-02.wav,288044,True,,48000,1,144000,3.0,WAV,PCM_16,True,04,477,00,378,02,non_fall,48000,5,46800,0.075
C:\Users\USER\Documents\ESP32-S3-BOX-3-Voice-project\acoustic-alert-system\data\raw\04-502-02-076-01.wav,04-502-02-076-01.wav,04-502-02-076-01.wav,288044,True,,48000,1,144000,3.0,WAV,PCM_16,True,04,502,02,076,01,fall,48000,5,46800,0.075
C:\Users\USER\Documents\ESP32-S3-BOX-3-Voice-project\acoustic-alert-system\data\raw\04-526-04-007-01.wav,04-526-04-007-01.wav,04-526-04-007-01.wav,288044,True,,48000,1,144000,3.0,WAV,PCM_16,True,04,526,04,007,01,fall,48000,5,46800,0.075
C:\Users\USER\Documents\ESP32-S3-BOX-3-Voice-project\acoustic-alert-system\data\raw\04-530-02-068-01.wav,04-530-02-068-01.wav,04-530-02-068-01.wav,288044,True,,48000,1,144000,3.0,WAV,PCM_16,True,04,530,02,068,01,fall,48000,5,46800,0.075
C:\Users\USER\Documents\ESP32-S3-BOX-3-Voice-project\acoustic-alert-system\data\raw\04-536-00-307-02.wav,04-536-00-307-02.wav,04-536-00-307-02.wav,288044,True,,48000,1,144000,3.0,WAV,PCM_16,True,04,536,00,307,02,non_fall,48000,5,46800,0.075
C:\Users\USER\Documents\ESP32-S3-BOX-3-Voice-project\acoustic-alert-system\data\raw\04-538-02-102-01.wav,04-538-02-102-01.wav,04-538-02-102-01.wav,288044,True,,48000,1,144000,3.0,WAV,PCM_16,True,04,538,02,102,01,fall,48000,5,46800,0.075
C:\Users\USER\Documents\ESP32-S3-BOX-3-Voice-project\acoustic-alert-system\data\raw\04-541-00-104-02.wav,04-541-00-104-02.wav,04-541-00-104-02.wav,288044,True,,48000,1,144000,3.0,WAV,PCM_16,True,04,541,00,104,02,non_fall,48000,5,46800,0.075
C:\Users\USER\Documents\ESP32-S3-BOX-3-Voice-project\acoustic-alert-system\data\raw\04-546-02-058-01.wav,04-546-02-058-01.wav,04-546-02-058-01.wav,288044,True,,48000,1,144000,3.0,WAV,PCM_16,True,04,546,02,058,01,fall,48000,5,46800,0.075
C:\Users\USER\Documents\ESP32-S3-BOX-3-Voice-project\acoustic-alert-system\data\raw\04-552-06-001-01.wav,04-552-06-001-01.wav,04-552-06-001-01.wav,288044,True,,48000,1,144000,3.0,WAV,PCM_16,True,04,552,06,001,01,fall,48000,5,46800,0.075
C:\Users\USER\Documents\ESP32-S3-BOX-3-Voice-project\acoustic-alert-system\data\raw\04-558-04-008-01.wav,04-558-04-008-01.wav,04-558-04-008-01.wav,288044,True,,48000,1,144000,3.0,WAV,PCM_16,True,04,558,04,008,01,fall,48000,5,46800,0.075
C:\Users\USER\Documents\ESP32-S3-BOX-3-Voice-project\acoustic-alert-system\data\raw\04-560-00-469-02.wav,04-560-00-469-02.wav,04-560-00-469-02.wav,288044,True,,48000,1,144000,3.0,WAV,PCM_16,True,04,560,00,469,02,non_fall,48000,5,46800,0.075
C:\Users\USER\Documents\ESP32-S3-BOX-3-Voice-project\acoustic-alert-system\data\raw\04-563-04-009-01.wav,04-563-04-009-01.wav,04-563-04-009-01.wav,288044,True,,48000,1,144000,3.0,WAV,PCM_16,True,04,563,04,009,01,fall,48000,5,46800,0.075
C:\Users\USER\Documents\ESP32-S3-BOX-3-Voice-project\acoustic-alert-system\data\raw\04-569-01-042-01.wav,04-569-01-042-01.wav,04-569-01-042-01.wav,288044,True,,48000,1,144000,3.0,WAV,PCM_16,True,04,569,01,042,01,fall,48000,5,46800,0.075
C:\Users\USER\Documents\ESP32-S3-BOX-3-Voice-project\acoustic-alert-system\data\raw\04-571-05-037-01.wav,04-571-05-037-01.wav,04-571-05-037-01.wav,288044,True,,48000,1,144000,3.0,WAV,PCM_16,True,04,571,05,037,01,fall,48000,5,46800,0.075
C:\Users\USER\Documents\ESP32-S3-BOX-3-Voice-project\acoustic-alert-system\data\raw\04-578-00-411-02.wav,04-578-00-411-02.wav,04-578-00-411-02.wav,288044,True,,48000,1,144000,3.0,WAV,PCM_16,True,04,578,00,411,02,non_fall,48000,5,46800,0.075
C:\Users\USER\Documents\ESP32-S3-BOX-3-Voice-project\acoustic-alert-system\data\raw\04-588-00-237-02.wav,04-588-00-237-02.wav,04-588-00-237-02.wav,288044,True,,48000,1,144000,3.0,WAV,PCM_16,True,04,588,00,237,02,non_fall,48000,5,46800,0.075
C:\Users\USER\Documents\ESP32-S3-BOX-3-Voice-project\acoustic-alert-system\data\raw\04-590-04-044-01.wav,04-590-04-044-01.wav,04-590-04-044-01.wav,288044,True,,48000,1,144000,3.0,WAV,PCM_16,True,04,590,04,044,01,fall,48000,5,46800,0.075
C:\Users\USER\Documents\ESP32-S3-BOX-3-Voice-project\acoustic-alert-system\data\raw\04-596-00-030-02.wav,04-596-00-030-02.wav,04-596-00-030-02.wav,288044,True,,48000,1,144000,3.0,WAV,PCM_16,True,04,596,00,030,02,non_fall,48000,5,46800,0.075
C:\Users\USER\Documents\ESP32-S3-BOX-3-Voice-project\acoustic-alert-system\data\raw\04-602-00-432-02.wav,04-602-00-432-02.wav,04-602-00-432-02.wav,288044,True,,48000,1,144000,3.0,WAV,PCM_16,True,04,602,00,432,02,non_fall,48000,5,46800,0.075
C:\Users\USER\Documents\ESP32-S3-BOX-3-Voice-project\acoustic-alert-system\data\raw\04-634-00-325-02.wav,04-634-00-325-02.wav,04-634-00-325-02.wav,288044,True,,48000,1,144000,3.0,WAV,PCM_16,True,04,634,00,325,02,non_fall,48000,5,46800,0.075
C:\Users\USER\Documents\ESP32-S3-BOX-3-Voice-project\acoustic-alert-system\data\raw\04-663-00-001-02.wav,04-663-00-001-02.wav,04-663-00-001-02.wav,288044,True,,48000,1,144000,3.0,WAV,PCM_16,True,04,663,00,001,02,non_fall,48000,5,46800,0.075
C:\Users\USER\Documents\ESP32-S3-BOX-3-Voice-project\acoustic-alert-system\data\raw\04-680-01-018-01.wav,04-680-01-018-01.wav,04-680-01-018-01.wav,288044,True,,48000,1,144000,3.0,WAV,PCM_16,True,04,680,01,018,01,fall,48000,5,46800,0.075
C:\Users\USER\Documents\ESP32-S3-BOX-3-Voice-project\acoustic-alert-system\data\raw\04-688-00-288-02.wav,04-688-00-288-02.wav,04-688-00-288-02.wav,288044,True,,48000,1,144000,3.0,WAV,PCM_16,True,04,688,00,288,02,non_fall,48000,5,46800,0.075
C:\Users\USER\Documents\ESP32-S3-BOX-3-Voice-project\acoustic-alert-system\data\raw\04-694-00-057-02.wav,04-694-00-057-02.wav,04-694-00-057-02.wav,288044,True,,48000,1,144000,3.0,WAV,PCM_16,True,04,694,00,057,02,non_fall,48000,5,46800,0.075
C:\Users\USER\Documents\ESP32-S3-BOX-3-Voice-project\acoustic-alert-system\data\raw\04-701-00-132-02.wav,04-701-00-132-02.wav,04-701-00-132-02.wav,288044,True,,48000,1,144000,3.0,WAV,PCM_16,True,04,701,00,132,02,non_fall,48000,5,46800,0.075
C:\Users\USER\Documents\ESP32-S3-BOX-3-Voice-project\acoustic-alert-system\data\raw\04-703-04-081-01.wav,04-703-04-081-01.wav,04-703-04-081-01.wav,288044,True,,48000,1,144000,3.0,WAV,PCM_16,True,04,703,04,081,01,fall,48000,5,46800,0.075
C:\Users\USER\Documents\ESP32-S3-BOX-3-Voice-project\acoustic-alert-system\data\raw\04-704-02-017-01.wav,04-704-02-017-01.wav,04-704-02-017-01.wav,288044,True,,48000,1,144000,3.0,WAV,PCM_16,True,04,704,02,017,01,fall,48000,5,46800,0.075
C:\Users\USER\Documents\ESP32-S3-BOX-3-Voice-project\acoustic-alert-system\data\raw\04-714-02-113-01.wav,04-714-02-113-01.wav,04-714-02-113-01.wav,288044,True,,48000,1,144000,3.0,WAV,PCM_16,True,04,714,02,113,01,fall,48000,5,46800,0.075
C:\Users\USER\Documents\ESP32-S3-BOX-3-Voice-project\acoustic-alert-system\data\raw\04-760-04-090-01.wav,04-760-04-090-01.wav,04-760-04-090-01.wav,288044,True,,48000,1,144000,3.0,WAV,PCM_16,True,04,760,04,090,01,fall,48000,5,46800,0.075
C:\Users\USER\Documents\ESP32-S3-BOX-3-Voice-project\acoustic-alert-system\data\raw\04-773-00-383-02.wav,04-773-00-383-02.wav,04-773-00-383-02.wav,288044,True,,48000,1,144000,3.0,WAV,PCM_16,True,04,773,00,383,02,non_fall,48000,5,46800,0.075
C:\Users\USER\Documents\ESP32-S3-BOX-3-Voice-project\acoustic-alert-system\data\raw\04-776-00-125-02.wav,04-776-00-125-02.wav,04-776-00-125-02.wav,288044,True,,48000,1,144000,3.0,WAV,PCM_16,True,04,776,00,125,02,non_fall,48000,5,46800,0.075
C:\Users\USER\Documents\ESP32-S3-BOX-3-Voice-project\acoustic-alert-system\data\raw\04-801-02-029-01.wav,04-801-02-029-01.wav,04-801-02-029-01.wav,288044,True,,48000,1,144000,3.0,WAV,PCM_16,True,04,801,02,029,01,fall,48000,5,46800,0.075
C:\Users\USER\Documents\ESP32-S3-BOX-3-Voice-project\acoustic-alert-system\data\raw\04-803-00-202-02.wav,04-803-00-202-02.wav,04-803-00-202-02.wav,288044,True,,48000,1,144000,3.0,WAV,PCM_16,True,04,803,00,202,02,non_fall,48000,5,46800,0.075
C:\Users\USER\Documents\ESP32-S3-BOX-3-Voice-project\acoustic-alert-system\data\raw\04-843-00-226-02.wav,04-843-00-226-02.wav,04-843-00-226-02.wav,288044,True,,48000,1,144000,3.0,WAV,PCM_16,True,04,843,00,226,02,non_fall,48000,5,46800,0.075
C:\Users\USER\Documents\ESP32-S3-BOX-3-Voice-project\acoustic-alert-system\data\raw\04-858-05-043-01.wav,04-858-05-043-01.wav,04-858-05-043-01.wav,288044,True,,48000,1,144000,3.0,WAV,PCM_16,True,04,858,05,043,01,fall,48000,5,46800,0.075
C:\Users\USER\Documents\ESP32-S3-BOX-3-Voice-project\acoustic-alert-system\data\raw\04-861-00-145-02.wav,04-861-00-145-02.wav,04-861-00-145-02.wav,288044,True,,48000,1,144000,3.0,WAV,PCM_16,True,04,861,00,145,02,non_fall,48000,5,46800,0.075
C:\Users\USER\Documents\ESP32-S3-BOX-3-Voice-project\acoustic-alert-system\data\raw\04-867-00-441-02.wav,04-867-00-441-02.wav,04-867-00-441-02.wav,288044,True,,48000,1,144000,3.0,WAV,PCM_16,True,04,867,00,441,02,non_fall,48000,5,46800,0.075
C:\Users\USER\Documents\ESP32-S3-BOX-3-Voice-project\acoustic-alert-system\data\raw\04-868-05-009-01.wav,04-868-05-009-01.wav,04-868-05-009-01.wav,288044,True,,48000,1,144000,3.0,WAV,PCM_16,True,04,868,05,009,01,fall,48000,5,46800,0.075
C:\Users\USER\Documents\ESP32-S3-BOX-3-Voice-project\acoustic-alert-system\data\raw\04-875-05-040-01.wav,04-875-05-040-01.wav,04-875-05-040-01.wav,288044,True,,48000,1,144000,3.0,WAV,PCM_16,True,04,875,05,040,01,fall,48000,5,46800,0.075
C:\Users\USER\Documents\ESP32-S3-BOX-3-Voice-project\acoustic-alert-system\data\raw\04-877-00-255-02.wav,04-877-00-255-02.wav,04-877-00-255-02.wav,288044,True,,48000,1,144000,3.0,WAV,PCM_16,True,04,877,00,255,02,non_fall,48000,5,46800,0.075
C:\Users\USER\Documents\ESP32-S3-BOX-3-Voice-project\acoustic-alert-system\data\raw\04-879-00-207-02.wav,04-879-00-207-02.wav,04-879-00-207-02.wav,288044,True,,48000,1,144000,3.0,WAV,PCM_16,True,04,879,00,207,02,non_fall,48000,5,46800,0.075
C:\Users\USER\Documents\ESP32-S3-BOX-3-Voice-project\acoustic-alert-system\data\raw\04-880-02-091-01.wav,04-880-02-091-01.wav,04-880-02-091-01.wav,288044,True,,48000,1,144000,3.0,WAV,PCM_16,True,04,880,02,091,01,fall,48000,5,46800,0.075
C:\Users\USER\Documents\ESP32-S3-BOX-3-Voice-project\acoustic-alert-system\data\raw\04-884-00-313-02.wav,04-884-00-313-02.wav,04-884-00-313-02.wav,288044,True,,48000,1,144000,3.0,WAV,PCM_16,True,04,884,00,313,02,non_fall,48000,5,46800,0.075
C:\Users\USER\Documents\ESP32-S3-BOX-3-Voice-project\acoustic-alert-system\data\raw\04-886-00-220-02.wav,04-886-00-220-02.wav,04-886-00-220-02.wav,288044,True,,48000,1,144000,3.0,WAV,PCM_16,True,04,886,00,220,02,non_fall,48000,5,46800,0.075
C:\Users\USER\Documents\ESP32-S3-BOX-3-Voice-project\acoustic-alert-system\data\raw\04-887-04-026-01.wav,04-887-04-026-01.wav,04-887-04-026-01.wav,288044,True,,48000,1,144000,3.0,WAV,PCM_16,True,04,887,04,026,01,fall,48000,5,46800,0.075
C:\Users\USER\Documents\ESP32-S3-BOX-3-Voice-project\acoustic-alert-system\data\raw\04-892-03-014-01.wav,04-892-03-014-01.wav,04-892-03-014-01.wav,288044,True,,48000,1,144000,3.0,WAV,PCM_16,True,04,892,03,014,01,fall,48000,5,46800,0.075
C:\Users\USER\Documents\ESP32-S3-BOX-3-Voice-project\acoustic-alert-system\data\raw\04-910-01-057-01.wav,04-910-01-057-01.wav,04-910-01-057-01.wav,288044,True,,48000,1,144000,3.0,WAV,PCM_16,True,04,910,01,057,01,fall,48000,5,46800,0.075
C:\Users\USER\Documents\ESP32-S3-BOX-3-Voice-project\acoustic-alert-system\data\raw\04-917-00-038-02.wav,04-917-00-038-02.wav,04-917-00-038-02.wav,288044,True,,48000,1,144000,3.0,WAV,PCM_16,True,04,917,00,038,02,non_fall,48000,5,46800,0.075
C:\Users\USER\Documents\ESP32-S3-BOX-3-Voice-project\acoustic-alert-system\data\raw\04-920-00-097-02.wav,04-920-00-097-02.wav,04-920-00-097-02.wav,288044,True,,48000,1,144000,3.0,WAV,PCM_16,True,04,920,00,097,02,non_fall,48000,5,46800,0.075
C:\Users\USER\Documents\ESP32-S3-BOX-3-Voice-project\acoustic-alert-system\data\raw\04-932-01-056-01.wav,04-932-01-056-01.wav,04-932-01-056-01.wav,288044,True,,48000,1,144000,3.0,WAV,PCM_16,True,04,932,01,056,01,fall,48000,5,46800,0.075
C:\Users\USER\Documents\ESP32-S3-BOX-3-Voice-project\acoustic-alert-system\data\raw\04-939-06-002-01.wav,04-939-06-002-01.wav,04-939-06-002-01.wav,288044,True,,48000,1,144000,3.0,WAV,PCM_16,True,04,939,06,002,01,fall,48000,5,46800,0.075
C:\Users\USER\Documents\ESP32-S3-BOX-3-Voice-project\acoustic-alert-system\data\raw\04-945-00-071-02.wav,04-945-00-071-02.wav,04-945-00-071-02.wav,288044,True,,48000,1,144000,3.0,WAV,PCM_16,True,04,945,00,071,02,non_fall,48000,5,46800,0.075
C:\Users\USER\Documents\ESP32-S3-BOX-3-Voice-project\acoustic-alert-system\data\raw\05-006-01-051-01.wav,05-006-01-051-01.wav,05-006-01-051-01.wav,288044,True,,48000,1,144000,3.0,WAV,PCM_16,True,05,006,01,051,01,fall,48000,5,46800,0.075
C:\Users\USER\Documents\ESP32-S3-BOX-3-Voice-project\acoustic-alert-system\data\raw\05-008-03-018-01.wav,05-008-03-018-01.wav,05-008-03-018-01.wav,288044,True,,48000,1,144000,3.0,WAV,PCM_16,True,05,008,03,018,01,fall,48000,5,46800,0.075
C:\Users\USER\Documents\ESP32-S3-BOX-3-Voice-project\acoustic-alert-system\data\raw\05-014-00-126-02.wav,05-014-00-126-02.wav,05-014-00-126-02.wav,288044,True,,48000,1,144000,3.0,WAV,PCM_16,True,05,014,00,126,02,non_fall,48000,5,46800,0.075
C:\Users\USER\Documents\ESP32-S3-BOX-3-Voice-project\acoustic-alert-system\data\raw\05-036-00-088-02.wav,05-036-00-088-02.wav,05-036-00-088-02.wav,288044,True,,48000,1,144000,3.0,WAV,PCM_16,True,05,036,00,088,02,non_fall,48000,5,46800,0.075
C:\Users\USER\Documents\ESP32-S3-BOX-3-Voice-project\acoustic-alert-system\data\raw\05-037-00-415-02.wav,05-037-00-415-02.wav,05-037-00-415-02.wav,288044,True,,48000,1,144000,3.0,WAV,PCM_16,True,05,037,00,415,02,non_fall,48000,5,46800,0.075
C:\Users\USER\Documents\ESP32-S3-BOX-3-Voice-project\acoustic-alert-system\data\raw\05-040-02-119-01.wav,05-040-02-119-01.wav,05-040-02-119-01.wav,288044,True,,48000,1,144000,3.0,WAV,PCM_16,True,05,040,02,119,01,fall,48000,5,46800,0.075
C:\Users\USER\Documents\ESP32-S3-BOX-3-Voice-project\acoustic-alert-system\data\raw\05-045-05-004-01.wav,05-045-05-004-01.wav,05-045-05-004-01.wav,288044,True,,48000,1,144000,3.0,WAV,PCM_16,True,05,045,05,004,01,fall,48000,5,46800,0.075
C:\Users\USER\Documents\ESP32-S3-BOX-3-Voice-project\acoustic-alert-system\data\raw\05-047-07-046-01.wav,05-047-07-046-01.wav,05-047-07-046-01.wav,288044,True,,48000,1,144000,3.0,WAV,PCM_16,True,05,047,07,046,01,fall,48000,5,46800,0.075
C:\Users\USER\Documents\ESP32-S3-BOX-3-Voice-project\acoustic-alert-system\data\raw\05-057-07-008-01.wav,05-057-07-008-01.wav,05-057-07-008-01.wav,288044,True,,48000,1,144000,3.0,WAV,PCM_16,True,05,057,07,008,01,fall,48000,5,46800,0.075
C:\Users\USER\Documents\ESP32-S3-BOX-3-Voice-project\acoustic-alert-system\data\raw\05-058-01-003-01.wav,05-058-01-003-01.wav,05-058-01-003-01.wav,288044,True,,48000,1,144000,3.0,WAV,PCM_16,True,05,058,01,003,01,fall,48000,5,46800,0.075
C:\Users\USER\Documents\ESP32-S3-BOX-3-Voice-project\acoustic-alert-system\data\raw\05-059-02-065-01.wav,05-059-02-065-01.wav,05-059-02-065-01.wav,288044,True,,48000,1,144000,3.0,WAV,PCM_16,True,05,059,02,065,01,fall,48000,5,46800,0.075
C:\Users\USER\Documents\ESP32-S3-BOX-3-Voice-project\acoustic-alert-system\data\raw\05-079-00-406-02.wav,05-079-00-406-02.wav,05-079-00-406-02.wav,288044,True,,48000,1,144000,3.0,WAV,PCM_16,True,05,079,00,406,02,non_fall,48000,5,46800,0.075
C:\Users\USER\Documents\ESP32-S3-BOX-3-Voice-project\acoustic-alert-system\data\raw\05-096-04-024-01.wav,05-096-04-024-01.wav,05-096-04-024-01.wav,288044,True,,48000,1,144000,3.0,WAV,PCM_16,True,05,096,04,024,01,fall,48000,5,46800,0.075
C:\Users\USER\Documents\ESP32-S3-BOX-3-Voice-project\acoustic-alert-system\data\raw\05-108-02-030-01.wav,05-108-02-030-01.wav,05-108-02-030-01.wav,288044,True,,48000,1,144000,3.0,WAV,PCM_16,True,05,108,02,030,01,fall,48000,5,46800,0.075
C:\Users\USER\Documents\ESP32-S3-BOX-3-Voice-project\acoustic-alert-system\data\raw\05-109-04-023-01.wav,05-109-04-023-01.wav,05-109-04-023-01.wav,288044,True,,48000,1,144000,3.0,WAV,PCM_16,True,05,109,04,023,01,fall,48000,5,46800,0.075
C:\Users\USER\Documents\ESP32-S3-BOX-3-Voice-project\acoustic-alert-system\data\raw\05-127-00-154-02.wav,05-127-00-154-02.wav,05-127-00-154-02.wav,288044,True,,48000,1,144000,3.0,WAV,PCM_16,True,05,127,00,154,02,non_fall,48000,5,46800,0.075
C:\Users\USER\Documents\ESP32-S3-BOX-3-Voice-project\acoustic-alert-system\data\raw\05-152-00-412-02.wav,05-152-00-412-02.wav,05-152-00-412-02.wav,288044,True,,48000,1,144000,3.0,WAV,PCM_16,True,05,152,00,412,02,non_fall,48000,5,46800,0.075
C:\Users\USER\Documents\ESP32-S3-BOX-3-Voice-project\acoustic-alert-system\data\raw\05-159-05-062-01.wav,05-159-05-062-01.wav,05-159-05-062-01.wav,288044,True,,48000,1,144000,3.0,WAV,PCM_16,True,05,159,05,062,01,fall,48000,5,46800,0.075
C:\Users\USER\Documents\ESP32-S3-BOX-3-Voice-project\acoustic-alert-system\data\raw\05-162-00-355-02.wav,05-162-00-355-02.wav,05-162-00-355-02.wav,288044,True,,48000,1,144000,3.0,WAV,PCM_16,True,05,162,00,355,02,non_fall,48000,5,46800,0.075
C:\Users\USER\Documents\ESP32-S3-BOX-3-Voice-project\acoustic-alert-system\data\raw\05-178-00-382-02.wav,05-178-00-382-02.wav,05-178-00-382-02.wav,288044,True,,48000,1,144000,3.0,WAV,PCM_16,True,05,178,00,382,02,non_fall,48000,5,46800,0.075
C:\Users\USER\Documents\ESP32-S3-BOX-3-Voice-project\acoustic-alert-system\data\raw\05-196-00-118-02.wav,05-196-00-118-02.wav,05-196-00-118-02.wav,288044,True,,48000,1,144000,3.0,WAV,PCM_16,True,05,196,00,118,02,non_fall,48000,5,46800,0.075
C:\Users\USER\Documents\ESP32-S3-BOX-3-Voice-project\acoustic-alert-system\data\raw\05-200-00-246-02.wav,05-200-00-246-02.wav,05-200-00-246-02.wav,288044,True,,48000,1,144000,3.0,WAV,PCM_16,True,05,200,00,246,02,non_fall,48000,5,46800,0.075
C:\Users\USER\Documents\ESP32-S3-BOX-3-Voice-project\acoustic-alert-system\data\raw\05-207-07-027-01.wav,05-207-07-027-01.wav,05-207-07-027-01.wav,288044,True,,48000,1,144000,3.0,WAV,PCM_16,True,05,207,07,027,01,fall,48000,5,46800,0.075
C:\Users\USER\Documents\ESP32-S3-BOX-3-Voice-project\acoustic-alert-system\data\raw\05-209-04-005-01.wav,05-209-04-005-01.wav,05-209-04-005-01.wav,288044,True,,48000,1,144000,3.0,WAV,PCM_16,True,05,209,04,005,01,fall,48000,5,46800,0.075
C:\Users\USER\Documents\ESP32-S3-BOX-3-Voice-project\acoustic-alert-system\data\raw\05-215-05-076-01.wav,05-215-05-076-01.wav,05-215-05-076-01.wav,288044,True,,48000,1,144000,3.0,WAV,PCM_16,True,05,215,05,076,01,fall,48000,5,46800,0.075
C:\Users\USER\Documents\ESP32-S3-BOX-3-Voice-project\acoustic-alert-system\data\raw\05-223-00-300-02.wav,05-223-00-300-02.wav,05-223-00-300-02.wav,288044,True,,48000,1,144000,3.0,WAV,PCM_16,True,05,223,00,300,02,non_fall,48000,5,46800,0.075
C:\Users\USER\Documents\ESP32-S3-BOX-3-Voice-project\acoustic-alert-system\data\raw\05-227-02-007-01.wav,05-227-02-007-01.wav,05-227-02-007-01.wav,288044,True,,48000,1,144000,3.0,WAV,PCM_16,True,05,227,02,007,01,fall,48000,5,46800,0.075
C:\Users\USER\Documents\ESP32-S3-BOX-3-Voice-project\acoustic-alert-system\data\raw\05-244-00-180-02.wav,05-244-00-180-02.wav,05-244-00-180-02.wav,288044,True,,48000,1,144000,3.0,WAV,PCM_16,True,05,244,00,180,02,non_fall,48000,5,46800,0.075
C:\Users\USER\Documents\ESP32-S3-BOX-3-Voice-project\acoustic-alert-system\data\raw\05-252-02-057-01.wav,05-252-02-057-01.wav,05-252-02-057-01.wav,288044,True,,48000,1,144000,3.0,WAV,PCM_16,True,05,252,02,057,01,fall,48000,5,46800,0.075
C:\Users\USER\Documents\ESP32-S3-BOX-3-Voice-project\acoustic-alert-system\data\raw\05-258-00-435-02.wav,05-258-00-435-02.wav,05-258-00-435-02.wav,288044,True,,48000,1,144000,3.0,WAV,PCM_16,True,05,258,00,435,02,non_fall,48000,5,46800,0.075
C:\Users\USER\Documents\ESP32-S3-BOX-3-Voice-project\acoustic-alert-system\data\raw\05-275-00-221-02.wav,05-275-00-221-02.wav,05-275-00-221-02.wav,288044,True,,48000,1,144000,3.0,WAV,PCM_16,True,05,275,00,221,02,non_fall,48000,5,46800,0.075
C:\Users\USER\Documents\ESP32-S3-BOX-3-Voice-project\acoustic-alert-system\data\raw\05-283-07-019-01.wav,05-283-07-019-01.wav,05-283-07-019-01.wav,288044,True,,48000,1,144000,3.0,WAV,PCM_16,True,05,283,07,019,01,fall,48000,5,46800,0.075
C:\Users\USER\Documents\ESP32-S3-BOX-3-Voice-project\acoustic-alert-system\data\raw\05-289-07-018-01.wav,05-289-07-018-01.wav,05-289-07-018-01.wav,288044,True,,48000,1,144000,3.0,WAV,PCM_16,True,05,289,07,018,01,fall,48000,5,46800,0.075
C:\Users\USER\Documents\ESP32-S3-BOX-3-Voice-project\acoustic-alert-system\data\raw\05-308-00-425-02.wav,05-308-00-425-02.wav,05-308-00-425-02.wav,288044,True,,48000,1,144000,3.0,WAV,PCM_16,True,05,308,00,425,02,non_fall,48000,5,46800,0.075
C:\Users\USER\Documents\ESP32-S3-BOX-3-Voice-project\acoustic-alert-system\data\raw\05-318-05-065-01.wav,05-318-05-065-01.wav,05-318-05-065-01.wav,288044,True,,48000,1,144000,3.0,WAV,PCM_16,True,05,318,05,065,01,fall,48000,5,46800,0.075
C:\Users\USER\Documents\ESP32-S3-BOX-3-Voice-project\acoustic-alert-system\data\raw\05-321-05-015-01.wav,05-321-05-015-01.wav,05-321-05-015-01.wav,288044,True,,48000,1,144000,3.0,WAV,PCM_16,True,05,321,05,015,01,fall,48000,5,46800,0.075
C:\Users\USER\Documents\ESP32-S3-BOX-3-Voice-project\acoustic-alert-system\data\raw\05-329-00-052-02.wav,05-329-00-052-02.wav,05-329-00-052-02.wav,288044,True,,48000,1,144000,3.0,WAV,PCM_16,True,05,329,00,052,02,non_fall,48000,5,46800,0.075
C:\Users\USER\Documents\ESP32-S3-BOX-3-Voice-project\acoustic-alert-system\data\raw\05-333-00-331-02.wav,05-333-00-331-02.wav,05-333-00-331-02.wav,288044,True,,48000,1,144000,3.0,WAV,PCM_16,True,05,333,00,331,02,non_fall,48000,5,46800,0.075
C:\Users\USER\Documents\ESP32-S3-BOX-3-Voice-project\acoustic-alert-system\data\raw\05-348-04-073-01.wav,05-348-04-073-01.wav,05-348-04-073-01.wav,288044,True,,48000,1,144000,3.0,WAV,PCM_16,True,05,348,04,073,01,fall,48000,5,46800,0.075
C:\Users\USER\Documents\ESP32-S3-BOX-3-Voice-project\acoustic-alert-system\data\raw\05-355-00-032-02.wav,05-355-00-032-02.wav,05-355-00-032-02.wav,288044,True,,48000,1,144000,3.0,WAV,PCM_16,True,05,355,00,032,02,non_fall,48000,5,46800,0.075
C:\Users\USER\Documents\ESP32-S3-BOX-3-Voice-project\acoustic-alert-system\data\raw\05-371-00-044-02.wav,05-371-00-044-02.wav,05-371-00-044-02.wav,288044,True,,48000,1,144000,3.0,WAV,PCM_16,True,05,371,00,044,02,non_fall,48000,5,46800,0.075
C:\Users\USER\Documents\ESP32-S3-BOX-3-Voice-project\acoustic-alert-system\data\raw\05-396-00-434-02.wav,05-396-00-434-02.wav,05-396-00-434-02.wav,288044,True,,48000,1,144000,3.0,WAV,PCM_16,True,05,396,00,434,02,non_fall,48000,5,46800,0.075
C:\Users\USER\Documents\ESP32-S3-BOX-3-Voice-project\acoustic-alert-system\data\raw\05-411-00-060-02.wav,05-411-00-060-02.wav,05-411-00-060-02.wav,288044,True,,48000,1,144000,3.0,WAV,PCM_16,True,05,411,00,060,02,non_fall,48000,5,46800,0.075
C:\Users\USER\Documents\ESP32-S3-BOX-3-Voice-project\acoustic-alert-system\data\raw\05-412-07-006-01.wav,05-412-07-006-01.wav,05-412-07-006-01.wav,288044,True,,48000,1,144000,3.0,WAV,PCM_16,True,05,412,07,006,01,fall,48000,5,46800,0.075
C:\Users\USER\Documents\ESP32-S3-BOX-3-Voice-project\acoustic-alert-system\data\raw\05-420-00-101-02.wav,05-420-00-101-02.wav,05-420-00-101-02.wav,288044,True,,48000,1,144000,3.0,WAV,PCM_16,True,05,420,00,101,02,non_fall,48000,5,46800,0.075
C:\Users\USER\Documents\ESP32-S3-BOX-3-Voice-project\acoustic-alert-system\data\raw\05-421-04-087-01.wav,05-421-04-087-01.wav,05-421-04-087-01.wav,288044,True,,48000,1,144000,3.0,WAV,PCM_16,True,05,421,04,087,01,fall,48000,5,46800,0.075
C:\Users\USER\Documents\ESP32-S3-BOX-3-Voice-project\acoustic-alert-system\data\raw\05-427-01-032-01.wav,05-427-01-032-01.wav,05-427-01-032-01.wav,288044,True,,48000,1,144000,3.0,WAV,PCM_16,True,05,427,01,032,01,fall,48000,5,46800,0.075
C:\Users\USER\Documents\ESP32-S3-BOX-3-Voice-project\acoustic-alert-system\data\raw\05-429-02-101-01.wav,05-429-02-101-01.wav,05-429-02-101-01.wav,288044,True,,48000,1,144000,3.0,WAV,PCM_16,True,05,429,02,101,01,fall,48000,5,46800,0.075
C:\Users\USER\Documents\ESP32-S3-BOX-3-Voice-project\acoustic-alert-system\data\raw\05-466-04-098-01.wav,05-466-04-098-01.wav,05-466-04-098-01.wav,288044,True,,48000,1,144000,3.0,WAV,PCM_16,True,05,466,04,098,01,fall,48000,5,46800,0.075
C:\Users\USER\Documents\ESP32-S3-BOX-3-Voice-project\acoustic-alert-system\data\raw\05-473-00-148-02.wav,05-473-00-148-02.wav,05-473-00-148-02.wav,288044,True,,48000,1,144000,3.0,WAV,PCM_16,True,05,473,00,148,02,non_fall,48000,5,46800,0.075
C:\Users\USER\Documents\ESP32-S3-BOX-3-Voice-project\acoustic-alert-system\data\raw\05-483-04-062-01.wav,05-483-04-062-01.wav,05-483-04-062-01.wav,288044,True,,48000,1,144000,3.0,WAV,PCM_16,True,05,483,04,062,01,fall,48000,5,46800,0.075
C:\Users\USER\Documents\ESP32-S3-BOX-3-Voice-project\acoustic-alert-system\data\raw\05-503-01-039-01.wav,05-503-01-039-01.wav,05-503-01-039-01.wav,288044,True,,48000,1,144000,3.0,WAV,PCM_16,True,05,503,01,039,01,fall,48000,5,46800,0.075
C:\Users\USER\Documents\ESP32-S3-BOX-3-Voice-project\acoustic-alert-system\data\raw\05-507-00-329-02.wav,05-507-00-329-02.wav,05-507-00-329-02.wav,288044,True,,48000,1,144000,3.0,WAV,PCM_16,True,05,507,00,329,02,non_fall,48000,5,46800,0.075
C:\Users\USER\Documents\ESP32-S3-BOX-3-Voice-project\acoustic-alert-system\data\raw\05-539-01-021-01.wav,05-539-01-021-01.wav,05-539-01-021-01.wav,288044,True,,48000,1,144000,3.0,WAV,PCM_16,True,05,539,01,021,01,fall,48000,5,46800,0.075
C:\Users\USER\Documents\ESP32-S3-BOX-3-Voice-project\acoustic-alert-system\data\raw\05-542-05-059-01.wav,05-542-05-059-01.wav,05-542-05-059-01.wav,288044,True,,48000,1,144000,3.0,WAV,PCM_16,True,05,542,05,059,01,fall,48000,5,46800,0.075
C:\Users\USER\Documents\ESP32-S3-BOX-3-Voice-project\acoustic-alert-system\data\raw\05-544-07-055-01.wav,05-544-07-055-01.wav,05-544-07-055-01.wav,288044,True,,48000,1,144000,3.0,WAV,PCM_16,True,05,544,07,055,01,fall,48000,5,46800,0.075
C:\Users\USER\Documents\ESP32-S3-BOX-3-Voice-project\acoustic-alert-system\data\raw\05-572-00-256-02.wav,05-572-00-256-02.wav,05-572-00-256-02.wav,288044,True,,48000,1,144000,3.0,WAV,PCM_16,True,05,572,00,256,02,non_fall,48000,5,46800,0.075
C:\Users\USER\Documents\ESP32-S3-BOX-3-Voice-project\acoustic-alert-system\data\raw\05-575-00-166-02.wav,05-575-00-166-02.wav,05-575-00-166-02.wav,288044,True,,48000,1,144000,3.0,WAV,PCM_16,True,05,575,00,166,02,non_fall,48000,5,46800,0.075
C:\Users\USER\Documents\ESP32-S3-BOX-3-Voice-project\acoustic-alert-system\data\raw\05-580-00-298-02.wav,05-580-00-298-02.wav,05-580-00-298-02.wav,288044,True,,48000,1,144000,3.0,WAV,PCM_16,True,05,580,00,298,02,non_fall,48000,5,46800,0.075
C:\Users\USER\Documents\ESP32-S3-BOX-3-Voice-project\acoustic-alert-system\data\raw\05-582-03-023-01.wav,05-582-03-023-01.wav,05-582-03-023-01.wav,288044,True,,48000,1,144000,3.0,WAV,PCM_16,True,05,582,03,023,01,fall,48000,5,46800,0.075
C:\Users\USER\Documents\ESP32-S3-BOX-3-Voice-project\acoustic-alert-system\data\raw\05-585-00-108-02.wav,05-585-00-108-02.wav,05-585-00-108-02.wav,288044,True,,48000,1,144000,3.0,WAV,PCM_16,True,05,585,00,108,02,non_fall,48000,5,46800,0.075
C:\Users\USER\Documents\ESP32-S3-BOX-3-Voice-project\acoustic-alert-system\data\raw\05-598-02-002-01.wav,05-598-02-002-01.wav,05-598-02-002-01.wav,288044,True,,48000,1,144000,3.0,WAV,PCM_16,True,05,598,02,002,01,fall,48000,5,46800,0.075
C:\Users\USER\Documents\ESP32-S3-BOX-3-Voice-project\acoustic-alert-system\data\raw\05-618-00-310-02.wav,05-618-00-310-02.wav,05-618-00-310-02.wav,288044,True,,48000,1,144000,3.0,WAV,PCM_16,True,05,618,00,310,02,non_fall,48000,5,46800,0.075
C:\Users\USER\Documents\ESP32-S3-BOX-3-Voice-project\acoustic-alert-system\data\raw\05-627-00-055-02.wav,05-627-00-055-02.wav,05-627-00-055-02.wav,288044,True,,48000,1,144000,3.0,WAV,PCM_16,True,05,627,00,055,02,non_fall,48000,5,46800,0.075
C:\Users\USER\Documents\ESP32-S3-BOX-3-Voice-project\acoustic-alert-system\data\raw\05-649-02-044-01.wav,05-649-02-044-01.wav,05-649-02-044-01.wav,288044,True,,48000,1,144000,3.0,WAV,PCM_16,True,05,649,02,044,01,fall,48000,5,46800,0.075
C:\Users\USER\Documents\ESP32-S3-BOX-3-Voice-project\acoustic-alert-system\data\raw\05-670-07-032-01.wav,05-670-07-032-01.wav,05-670-07-032-01.wav,288044,True,,48000,1,144000,3.0,WAV,PCM_16,True,05,670,07,032,01,fall,48000,5,46800,0.075
C:\Users\USER\Documents\ESP32-S3-BOX-3-Voice-project\acoustic-alert-system\data\raw\05-673-00-421-02.wav,05-673-00-421-02.wav,05-673-00-421-02.wav,288044,True,,48000,1,144000,3.0,WAV,PCM_16,True,05,673,00,421,02,non_fall,48000,5,46800,0.075
C:\Users\USER\Documents\ESP32-S3-BOX-3-Voice-project\acoustic-alert-system\data\raw\05-676-04-061-01.wav,05-676-04-061-01.wav,05-676-04-061-01.wav,288044,True,,48000,1,144000,3.0,WAV,PCM_16,True,05,676,04,061,01,fall,48000,5,46800,0.075
C:\Users\USER\Documents\ESP32-S3-BOX-3-Voice-project\acoustic-alert-system\data\raw\05-707-00-470-02.wav,05-707-00-470-02.wav,05-707-00-470-02.wav,288044,True,,48000,1,144000,3.0,WAV,PCM_16,True,05,707,00,470,02,non_fall,48000,5,46800,0.075
C:\Users\USER\Documents\ESP32-S3-BOX-3-Voice-project\acoustic-alert-system\data\raw\05-710-00-448-02.wav,05-710-00-448-02.wav,05-710-00-448-02.wav,288044,True,,48000,1,144000,3.0,WAV,PCM_16,True,05,710,00,448,02,non_fall,48000,5,46800,0.075
C:\Users\USER\Documents\ESP32-S3-BOX-3-Voice-project\acoustic-alert-system\data\raw\05-723-00-285-02.wav,05-723-00-285-02.wav,05-723-00-285-02.wav,288044,True,,48000,1,144000,3.0,WAV,PCM_16,True,05,723,00,285,02,non_fall,48000,5,46800,0.075
C:\Users\USER\Documents\ESP32-S3-BOX-3-Voice-project\acoustic-alert-system\data\raw\05-738-03-017-01.wav,05-738-03-017-01.wav,05-738-03-017-01.wav,288044,True,,48000,1,144000,3.0,WAV,PCM_16,True,05,738,03,017,01,fall,48000,5,46800,0.075
C:\Users\USER\Documents\ESP32-S3-BOX-3-Voice-project\acoustic-alert-system\data\raw\05-742-05-030-01.wav,05-742-05-030-01.wav,05-742-05-030-01.wav,288044,True,,48000,1,144000,3.0,WAV,PCM_16,True,05,742,05,030,01,fall,48000,5,46800,0.075
C:\Users\USER\Documents\ESP32-S3-BOX-3-Voice-project\acoustic-alert-system\data\raw\05-749-07-023-01.wav,05-749-07-023-01.wav,05-749-07-023-01.wav,288044,True,,48000,1,144000,3.0,WAV,PCM_16,True,05,749,07,023,01,fall,48000,5,46800,0.075
C:\Users\USER\Documents\ESP32-S3-BOX-3-Voice-project\acoustic-alert-system\data\raw\05-755-00-195-02.wav,05-755-00-195-02.wav,05-755-00-195-02.wav,288044,True,,48000,1,144000,3.0,WAV,PCM_16,True,05,755,00,195,02,non_fall,48000,5,46800,0.075
C:\Users\USER\Documents\ESP32-S3-BOX-3-Voice-project\acoustic-alert-system\data\raw\05-756-00-390-02.wav,05-756-00-390-02.wav,05-756-00-390-02.wav,288044,True,,48000,1,144000,3.0,WAV,PCM_16,True,05,756,00,390,02,non_fall,48000,5,46800,0.075
C:\Users\USER\Documents\ESP32-S3-BOX-3-Voice-project\acoustic-alert-system\data\raw\05-757-00-258-02.wav,05-757-00-258-02.wav,05-757-00-258-02.wav,288044,True,,48000,1,144000,3.0,WAV,PCM_16,True,05,757,00,258,02,non_fall,48000,5,46800,0.075
C:\Users\USER\Documents\ESP32-S3-BOX-3-Voice-project\acoustic-alert-system\data\raw\05-768-04-011-01.wav,05-768-04-011-01.wav,05-768-04-011-01.wav,288044,True,,48000,1,144000,3.0,WAV,PCM_16,True,05,768,04,011,01,fall,48000,5,46800,0.075
C:\Users\USER\Documents\ESP32-S3-BOX-3-Voice-project\acoustic-alert-system\data\raw\05-789-02-086-01.wav,05-789-02-086-01.wav,05-789-02-086-01.wav,288044,True,,48000,1,144000,3.0,WAV,PCM_16,True,05,789,02,086,01,fall,48000,5,46800,0.075
C:\Users\USER\Documents\ESP32-S3-BOX-3-Voice-project\acoustic-alert-system\data\raw\05-802-00-446-02.wav,05-802-00-446-02.wav,05-802-00-446-02.wav,288044,True,,48000,1,144000,3.0,WAV,PCM_16,True,05,802,00,446,02,non_fall,48000,5,46800,0.075
C:\Users\USER\Documents\ESP32-S3-BOX-3-Voice-project\acoustic-alert-system\data\raw\05-811-00-181-02.wav,05-811-00-181-02.wav,05-811-00-181-02.wav,288044,True,,48000,1,144000,3.0,WAV,PCM_16,True,05,811,00,181,02,non_fall,48000,5,46800,0.075
C:\Users\USER\Documents\ESP32-S3-BOX-3-Voice-project\acoustic-alert-system\data\raw\05-831-00-358-02.wav,05-831-00-358-02.wav,05-831-00-358-02.wav,288044,True,,48000,1,144000,3.0,WAV,PCM_16,True,05,831,00,358,02,non_fall,48000,5,46800,0.075
C:\Users\USER\Documents\ESP32-S3-BOX-3-Voice-project\acoustic-alert-system\data\raw\05-872-00-264-02.wav,05-872-00-264-02.wav,05-872-00-264-02.wav,288044,True,,48000,1,144000,3.0,WAV,PCM_16,True,05,872,00,264,02,non_fall,48000,5,46800,0.075
C:\Users\USER\Documents\ESP32-S3-BOX-3-Voice-project\acoustic-alert-system\data\raw\05-874-03-005-01.wav,05-874-03-005-01.wav,05-874-03-005-01.wav,288044,True,,48000,1,144000,3.0,WAV,PCM_16,True,05,874,03,005,01,fall,48000,5,46800,0.075
C:\Users\USER\Documents\ESP32-S3-BOX-3-Voice-project\acoustic-alert-system\data\raw\05-889-00-292-02.wav,05-889-00-292-02.wav,05-889-00-292-02.wav,288044,True,,48000,1,144000,3.0,WAV,PCM_16,True,05,889,00,292,02,non_fall,48000,5,46800,0.075
C:\Users\USER\Documents\ESP32-S3-BOX-3-Voice-project\acoustic-alert-system\data\raw\05-890-00-427-02.wav,05-890-00-427-02.wav,05-890-00-427-02.wav,288044,True,,48000,1,144000,3.0,WAV,PCM_16,True,05,890,00,427,02,non_fall,48000,5,46800,0.075
C:\Users\USER\Documents\ESP32-S3-BOX-3-Voice-project\acoustic-alert-system\data\raw\05-898-00-128-02.wav,05-898-00-128-02.wav,05-898-00-128-02.wav,288044,True,,48000,1,144000,3.0,WAV,PCM_16,True,05,898,00,128,02,non_fall,48000,5,46800,0.075
C:\Users\USER\Documents\ESP32-S3-BOX-3-Voice-project\acoustic-alert-system\data\raw\05-902-02-110-01.wav,05-902-02-110-01.wav,05-902-02-110-01.wav,288044,True,,48000,1,144000,3.0,WAV,PCM_16,True,05,902,02,110,01,fall,48000,5,46800,0.075
C:\Users\USER\Documents\ESP32-S3-BOX-3-Voice-project\acoustic-alert-system\data\raw\05-908-00-391-02.wav,05-908-00-391-02.wav,05-908-00-391-02.wav,288044,True,,48000,1,144000,3.0,WAV,PCM_16,True,05,908,00,391,02,non_fall,48000,5,46800,0.075
C:\Users\USER\Documents\ESP32-S3-BOX-3-Voice-project\acoustic-alert-system\data\raw\05-911-03-006-01.wav,05-911-03-006-01.wav,05-911-03-006-01.wav,288044,True,,48000,1,144000,3.0,WAV,PCM_16,True,05,911,03,006,01,fall,48000,5,46800,0.075
C:\Users\USER\Documents\ESP32-S3-BOX-3-Voice-project\acoustic-alert-system\data\raw\05-922-00-267-02.wav,05-922-00-267-02.wav,05-922-00-267-02.wav,288044,True,,48000,1,144000,3.0,WAV,PCM_16,True,05,922,00,267,02,non_fall,48000,5,46800,0.075
C:\Users\USER\Documents\ESP32-S3-BOX-3-Voice-project\acoustic-alert-system\data\raw\05-926-00-026-02.wav,05-926-00-026-02.wav,05-926-00-026-02.wav,288044,True,,48000,1,144000,3.0,WAV,PCM_16,True,05,926,00,026,02,non_fall,48000,5,46800,0.075
C:\Users\USER\Documents\ESP32-S3-BOX-3-Voice-project\acoustic-alert-system\data\raw\05-937-07-009-01.wav,05-937-07-009-01.wav,05-937-07-009-01.wav,288044,True,,48000,1,144000,3.0,WAV,PCM_16,True,05,937,07,009,01,fall,48000,5,46800,0.075
C:\Users\USER\Documents\ESP32-S3-BOX-3-Voice-project\acoustic-alert-system\data\raw\05-947-05-058-01.wav,05-947-05-058-01.wav,05-947-05-058-01.wav,288044,True,,48000,1,144000,3.0,WAV,PCM_16,True,05,947,05,058,01,fall,48000,5,46800,0.075
C:\Users\USER\Documents\ESP32-S3-BOX-3-Voice-project\acoustic-alert-system\data\raw\05-949-04-042-01.wav,05-949-04-042-01.wav,05-949-04-042-01.wav,288044,True,,48000,1,144000,3.0,WAV,PCM_16,True,05,949,04,042,01,fall,48000,5,46800,0.075
C:\Users\USER\Documents\ESP32-S3-BOX-3-Voice-project\acoustic-alert-system\data\raw\06-017-00-085-02.wav,06-017-00-085-02.wav,06-017-00-085-02.wav,288044,True,,48000,1,144000,3.0,WAV,PCM_16,True,06,017,00,085,02,non_fall,48000,5,46800,0.075
C:\Users\USER\Documents\ESP32-S3-BOX-3-Voice-project\acoustic-alert-system\data\raw\06-024-02-084-01.wav,06-024-02-084-01.wav,06-024-02-084-01.wav,288044,True,,48000,1,144000,3.0,WAV,PCM_16,True,06,024,02,084,01,fall,48000,5,46800,0.075
C:\Users\USER\Documents\ESP32-S3-BOX-3-Voice-project\acoustic-alert-system\data\raw\06-032-01-037-01.wav,06-032-01-037-01.wav,06-032-01-037-01.wav,288044,True,,48000,1,144000,3.0,WAV,PCM_16,True,06,032,01,037,01,fall,48000,5,46800,0.075
C:\Users\USER\Documents\ESP32-S3-BOX-3-Voice-project\acoustic-alert-system\data\raw\06-042-00-316-02.wav,06-042-00-316-02.wav,06-042-00-316-02.wav,288044,True,,48000,1,144000,3.0,WAV,PCM_16,True,06,042,00,316,02,non_fall,48000,5,46800,0.075
C:\Users\USER\Documents\ESP32-S3-BOX-3-Voice-project\acoustic-alert-system\data\raw\06-046-01-019-01.wav,06-046-01-019-01.wav,06-046-01-019-01.wav,288044,True,,48000,1,144000,3.0,WAV,PCM_16,True,06,046,01,019,01,fall,48000,5,46800,0.075
C:\Users\USER\Documents\ESP32-S3-BOX-3-Voice-project\acoustic-alert-system\data\raw\06-060-00-302-02.wav,06-060-00-302-02.wav,06-060-00-302-02.wav,288044,True,,48000,1,144000,3.0,WAV,PCM_16,True,06,060,00,302,02,non_fall,48000,5,46800,0.075
C:\Users\USER\Documents\ESP32-S3-BOX-3-Voice-project\acoustic-alert-system\data\raw\06-062-04-012-01.wav,06-062-04-012-01.wav,06-062-04-012-01.wav,288044,True,,48000,1,144000,3.0,WAV,PCM_16,True,06,062,04,012,01,fall,48000,5,46800,0.075
C:\Users\USER\Documents\ESP32-S3-BOX-3-Voice-project\acoustic-alert-system\data\raw\06-074-00-185-02.wav,06-074-00-185-02.wav,06-074-00-185-02.wav,288044,True,,48000,1,144000,3.0,WAV,PCM_16,True,06,074,00,185,02,non_fall,48000,5,46800,0.075
C:\Users\USER\Documents\ESP32-S3-BOX-3-Voice-project\acoustic-alert-system\data\raw\06-121-00-084-02.wav,06-121-00-084-02.wav,06-121-00-084-02.wav,288044,True,,48000,1,144000,3.0,WAV,PCM_16,True,06,121,00,084,02,non_fall,48000,5,46800,0.075
C:\Users\USER\Documents\ESP32-S3-BOX-3-Voice-project\acoustic-alert-system\data\raw\06-125-00-150-02.wav,06-125-00-150-02.wav,06-125-00-150-02.wav,288044,True,,48000,1,144000,3.0,WAV,PCM_16,True,06,125,00,150,02,non_fall,48000,5,46800,0.075
C:\Users\USER\Documents\ESP32-S3-BOX-3-Voice-project\acoustic-alert-system\data\raw\06-139-03-010-01.wav,06-139-03-010-01.wav,06-139-03-010-01.wav,288044,True,,48000,1,144000,3.0,WAV,PCM_16,True,06,139,03,010,01,fall,48000,5,46800,0.075
C:\Users\USER\Documents\ESP32-S3-BOX-3-Voice-project\acoustic-alert-system\data\raw\06-158-00-423-02.wav,06-158-00-423-02.wav,06-158-00-423-02.wav,288044,True,,48000,1,144000,3.0,WAV,PCM_16,True,06,158,00,423,02,non_fall,48000,5,46800,0.075
C:\Users\USER\Documents\ESP32-S3-BOX-3-Voice-project\acoustic-alert-system\data\raw\06-163-00-344-02.wav,06-163-00-344-02.wav,06-163-00-344-02.wav,288044,True,,48000,1,144000,3.0,WAV,PCM_16,True,06,163,00,344,02,non_fall,48000,5,46800,0.075
C:\Users\USER\Documents\ESP32-S3-BOX-3-Voice-project\acoustic-alert-system\data\raw\06-165-00-234-02.wav,06-165-00-234-02.wav,06-165-00-234-02.wav,288044,True,,48000,1,144000,3.0,WAV,PCM_16,True,06,165,00,234,02,non_fall,48000,5,46800,0.075
C:\Users\USER\Documents\ESP32-S3-BOX-3-Voice-project\acoustic-alert-system\data\raw\06-170-00-103-02.wav,06-170-00-103-02.wav,06-170-00-103-02.wav,288044,True,,48000,1,144000,3.0,WAV,PCM_16,True,06,170,00,103,02,non_fall,48000,5,46800,0.075
C:\Users\USER\Documents\ESP32-S3-BOX-3-Voice-project\acoustic-alert-system\data\raw\06-175-00-012-02.wav,06-175-00-012-02.wav,06-175-00-012-02.wav,288044,True,,48000,1,144000,3.0,WAV,PCM_16,True,06,175,00,012,02,non_fall,48000,5,46800,0.075
C:\Users\USER\Documents\ESP32-S3-BOX-3-Voice-project\acoustic-alert-system\data\raw\06-177-02-055-01.wav,06-177-02-055-01.wav,06-177-02-055-01.wav,288044,True,,48000,1,144000,3.0,WAV,PCM_16,True,06,177,02,055,01,fall,48000,5,46800,0.075
C:\Users\USER\Documents\ESP32-S3-BOX-3-Voice-project\acoustic-alert-system\data\raw\06-185-02-022-01.wav,06-185-02-022-01.wav,06-185-02-022-01.wav,288044,True,,48000,1,144000,3.0,WAV,PCM_16,True,06,185,02,022,01,fall,48000,5,46800,0.075
C:\Users\USER\Documents\ESP32-S3-BOX-3-Voice-project\acoustic-alert-system\data\raw\06-191-01-013-01.wav,06-191-01-013-01.wav,06-191-01-013-01.wav,288044,True,,48000,1,144000,3.0,WAV,PCM_16,True,06,191,01,013,01,fall,48000,5,46800,0.075
C:\Users\USER\Documents\ESP32-S3-BOX-3-Voice-project\acoustic-alert-system\data\raw\06-204-00-219-02.wav,06-204-00-219-02.wav,06-204-00-219-02.wav,288044,True,,48000,1,144000,3.0,WAV,PCM_16,True,06,204,00,219,02,non_fall,48000,5,46800,0.075
C:\Users\USER\Documents\ESP32-S3-BOX-3-Voice-project\acoustic-alert-system\data\raw\06-225-05-033-01.wav,06-225-05-033-01.wav,06-225-05-033-01.wav,288044,True,,48000,1,144000,3.0,WAV,PCM_16,True,06,225,05,033,01,fall,48000,5,46800,0.075
C:\Users\USER\Documents\ESP32-S3-BOX-3-Voice-project\acoustic-alert-system\data\raw\06-226-00-278-02.wav,06-226-00-278-02.wav,06-226-00-278-02.wav,288044,True,,48000,1,144000,3.0,WAV,PCM_16,True,06,226,00,278,02,non_fall,48000,5,46800,0.075
C:\Users\USER\Documents\ESP32-S3-BOX-3-Voice-project\acoustic-alert-system\data\raw\06-230-00-087-02.wav,06-230-00-087-02.wav,06-230-00-087-02.wav,288044,True,,48000,1,144000,3.0,WAV,PCM_16,True,06,230,00,087,02,non_fall,48000,5,46800,0.075
C:\Users\USER\Documents\ESP32-S3-BOX-3-Voice-project\acoustic-alert-system\data\raw\06-249-07-048-01.wav,06-249-07-048-01.wav,06-249-07-048-01.wav,288044,True,,48000,1,144000,3.0,WAV,PCM_16,True,06,249,07,048,01,fall,48000,5,46800,0.075
C:\Users\USER\Documents\ESP32-S3-BOX-3-Voice-project\acoustic-alert-system\data\raw\06-253-00-020-02.wav,06-253-00-020-02.wav,06-253-00-020-02.wav,288044,True,,48000,1,144000,3.0,WAV,PCM_16,True,06,253,00,020,02,non_fall,48000,5,46800,0.075
C:\Users\USER\Documents\ESP32-S3-BOX-3-Voice-project\acoustic-alert-system\data\raw\06-257-06-012-01.wav,06-257-06-012-01.wav,06-257-06-012-01.wav,288044,True,,48000,1,144000,3.0,WAV,PCM_16,True,06,257,06,012,01,fall,48000,5,46800,0.075
C:\Users\USER\Documents\ESP32-S3-BOX-3-Voice-project\acoustic-alert-system\data\raw\06-262-00-366-02.wav,06-262-00-366-02.wav,06-262-00-366-02.wav,288044,True,,48000,1,144000,3.0,WAV,PCM_16,True,06,262,00,366,02,non_fall,48000,5,46800,0.075
C:\Users\USER\Documents\ESP32-S3-BOX-3-Voice-project\acoustic-alert-system\data\raw\06-266-00-407-02.wav,06-266-00-407-02.wav,06-266-00-407-02.wav,288044,True,,48000,1,144000,3.0,WAV,PCM_16,True,06,266,00,407,02,non_fall,48000,5,46800,0.075
C:\Users\USER\Documents\ESP32-S3-BOX-3-Voice-project\acoustic-alert-system\data\raw\06-295-02-124-01.wav,06-295-02-124-01.wav,06-295-02-124-01.wav,288044,True,,48000,1,144000,3.0,WAV,PCM_16,True,06,295,02,124,01,fall,48000,5,46800,0.075
C:\Users\USER\Documents\ESP32-S3-BOX-3-Voice-project\acoustic-alert-system\data\raw\06-309-00-400-02.wav,06-309-00-400-02.wav,06-309-00-400-02.wav,288044,True,,48000,1,144000,3.0,WAV,PCM_16,True,06,309,00,400,02,non_fall,48000,5,46800,0.075
C:\Users\USER\Documents\ESP32-S3-BOX-3-Voice-project\acoustic-alert-system\data\raw\06-324-00-386-02.wav,06-324-00-386-02.wav,06-324-00-386-02.wav,288044,True,,48000,1,144000,3.0,WAV,PCM_16,True,06,324,00,386,02,non_fall,48000,5,46800,0.075
C:\Users\USER\Documents\ESP32-S3-BOX-3-Voice-project\acoustic-alert-system\data\raw\06-336-00-319-02.wav,06-336-00-319-02.wav,06-336-00-319-02.wav,288044,True,,48000,1,144000,3.0,WAV,PCM_16,True,06,336,00,319,02,non_fall,48000,5,46800,0.075
C:\Users\USER\Documents\ESP32-S3-BOX-3-Voice-project\acoustic-alert-system\data\raw\06-346-00-404-02.wav,06-346-00-404-02.wav,06-346-00-404-02.wav,288044,True,,48000,1,144000,3.0,WAV,PCM_16,True,06,346,00,404,02,non_fall,48000,5,46800,0.075
C:\Users\USER\Documents\ESP32-S3-BOX-3-Voice-project\acoustic-alert-system\data\raw\06-360-05-008-01.wav,06-360-05-008-01.wav,06-360-05-008-01.wav,288044,True,,48000,1,144000,3.0,WAV,PCM_16,True,06,360,05,008,01,fall,48000,5,46800,0.075
C:\Users\USER\Documents\ESP32-S3-BOX-3-Voice-project\acoustic-alert-system\data\raw\06-366-05-078-01.wav,06-366-05-078-01.wav,06-366-05-078-01.wav,288044,True,,48000,1,144000,3.0,WAV,PCM_16,True,06,366,05,078,01,fall,48000,5,46800,0.075
C:\Users\USER\Documents\ESP32-S3-BOX-3-Voice-project\acoustic-alert-system\data\raw\06-377-02-090-01.wav,06-377-02-090-01.wav,06-377-02-090-01.wav,288044,True,,48000,1,144000,3.0,WAV,PCM_16,True,06,377,02,090,01,fall,48000,5,46800,0.075
C:\Users\USER\Documents\ESP32-S3-BOX-3-Voice-project\acoustic-alert-system\data\raw\06-385-00-015-02.wav,06-385-00-015-02.wav,06-385-00-015-02.wav,288044,True,,48000,1,144000,3.0,WAV,PCM_16,True,06,385,00,015,02,non_fall,48000,5,46800,0.075
C:\Users\USER\Documents\ESP32-S3-BOX-3-Voice-project\acoustic-alert-system\data\raw\06-407-05-049-01.wav,06-407-05-049-01.wav,06-407-05-049-01.wav,288044,True,,48000,1,144000,3.0,WAV,PCM_16,True,06,407,05,049,01,fall,48000,5,46800,0.075
C:\Users\USER\Documents\ESP32-S3-BOX-3-Voice-project\acoustic-alert-system\data\raw\06-418-04-048-01.wav,06-418-04-048-01.wav,06-418-04-048-01.wav,288044,True,,48000,1,144000,3.0,WAV,PCM_16,True,06,418,04,048,01,fall,48000,5,46800,0.075
C:\Users\USER\Documents\ESP32-S3-BOX-3-Voice-project\acoustic-alert-system\data\raw\06-419-05-016-01.wav,06-419-05-016-01.wav,06-419-05-016-01.wav,288044,True,,48000,1,144000,3.0,WAV,PCM_16,True,06,419,05,016,01,fall,48000,5,46800,0.075
C:\Users\USER\Documents\ESP32-S3-BOX-3-Voice-project\acoustic-alert-system\data\raw\06-448-00-301-02.wav,06-448-00-301-02.wav,06-448-00-301-02.wav,288044,True,,48000,1,144000,3.0,WAV,PCM_16,True,06,448,00,301,02,non_fall,48000,5,46800,0.075
C:\Users\USER\Documents\ESP32-S3-BOX-3-Voice-project\acoustic-alert-system\data\raw\06-449-01-024-01.wav,06-449-01-024-01.wav,06-449-01-024-01.wav,288044,True,,48000,1,144000,3.0,WAV,PCM_16,True,06,449,01,024,01,fall,48000,5,46800,0.075
C:\Users\USER\Documents\ESP32-S3-BOX-3-Voice-project\acoustic-alert-system\data\raw\06-456-00-191-02.wav,06-456-00-191-02.wav,06-456-00-191-02.wav,288044,True,,48000,1,144000,3.0,WAV,PCM_16,True,06,456,00,191,02,non_fall,48000,5,46800,0.075
C:\Users\USER\Documents\ESP32-S3-BOX-3-Voice-project\acoustic-alert-system\data\raw\06-458-02-043-01.wav,06-458-02-043-01.wav,06-458-02-043-01.wav,288044,True,,48000,1,144000,3.0,WAV,PCM_16,True,06,458,02,043,01,fall,48000,5,46800,0.075
C:\Users\USER\Documents\ESP32-S3-BOX-3-Voice-project\acoustic-alert-system\data\raw\06-459-00-413-02.wav,06-459-00-413-02.wav,06-459-00-413-02.wav,288044,True,,48000,1,144000,3.0,WAV,PCM_16,True,06,459,00,413,02,non_fall,48000,5,46800,0.075
C:\Users\USER\Documents\ESP32-S3-BOX-3-Voice-project\acoustic-alert-system\data\raw\06-470-02-050-01.wav,06-470-02-050-01.wav,06-470-02-050-01.wav,288044,True,,48000,1,144000,3.0,WAV,PCM_16,True,06,470,02,050,01,fall,48000,5,46800,0.075
C:\Users\USER\Documents\ESP32-S3-BOX-3-Voice-project\acoustic-alert-system\data\raw\06-475-04-083-01.wav,06-475-04-083-01.wav,06-475-04-083-01.wav,288044,True,,48000,1,144000,3.0,WAV,PCM_16,True,06,475,04,083,01,fall,48000,5,46800,0.075
C:\Users\USER\Documents\ESP32-S3-BOX-3-Voice-project\acoustic-alert-system\data\raw\06-476-02-023-01.wav,06-476-02-023-01.wav,06-476-02-023-01.wav,288044,True,,48000,1,144000,3.0,WAV,PCM_16,True,06,476,02,023,01,fall,48000,5,46800,0.075
C:\Users\USER\Documents\ESP32-S3-BOX-3-Voice-project\acoustic-alert-system\data\raw\06-491-02-042-01.wav,06-491-02-042-01.wav,06-491-02-042-01.wav,288044,True,,48000,1,144000,3.0,WAV,PCM_16,True,06,491,02,042,01,fall,48000,5,46800,0.075
C:\Users\USER\Documents\ESP32-S3-BOX-3-Voice-project\acoustic-alert-system\data\raw\06-495-00-375-02.wav,06-495-00-375-02.wav,06-495-00-375-02.wav,288044,True,,48000,1,144000,3.0,WAV,PCM_16,True,06,495,00,375,02,non_fall,48000,5,46800,0.075
C:\Users\USER\Documents\ESP32-S3-BOX-3-Voice-project\acoustic-alert-system\data\raw\06-504-00-043-02.wav,06-504-00-043-02.wav,06-504-00-043-02.wav,288044,True,,48000,1,144000,3.0,WAV,PCM_16,True,06,504,00,043,02,non_fall,48000,5,46800,0.075
C:\Users\USER\Documents\ESP32-S3-BOX-3-Voice-project\acoustic-alert-system\data\raw\06-515-02-103-01.wav,06-515-02-103-01.wav,06-515-02-103-01.wav,288044,True,,48000,1,144000,3.0,WAV,PCM_16,True,06,515,02,103,01,fall,48000,5,46800,0.075
C:\Users\USER\Documents\ESP32-S3-BOX-3-Voice-project\acoustic-alert-system\data\raw\06-527-03-013-01.wav,06-527-03-013-01.wav,06-527-03-013-01.wav,288044,True,,48000,1,144000,3.0,WAV,PCM_16,True,06,527,03,013,01,fall,48000,5,46800,0.075
C:\Users\USER\Documents\ESP32-S3-BOX-3-Voice-project\acoustic-alert-system\data\raw\06-534-02-096-01.wav,06-534-02-096-01.wav,06-534-02-096-01.wav,288044,True,,48000,1,144000,3.0,WAV,PCM_16,True,06,534,02,096,01,fall,48000,5,46800,0.075
C:\Users\USER\Documents\ESP32-S3-BOX-3-Voice-project\acoustic-alert-system\data\raw\06-576-04-015-01.wav,06-576-04-015-01.wav,06-576-04-015-01.wav,288044,True,,48000,1,144000,3.0,WAV,PCM_16,True,06,576,04,015,01,fall,48000,5,46800,0.075
C:\Users\USER\Documents\ESP32-S3-BOX-3-Voice-project\acoustic-alert-system\data\raw\06-579-05-039-01.wav,06-579-05-039-01.wav,06-579-05-039-01.wav,288044,True,,48000,1,144000,3.0,WAV,PCM_16,True,06,579,05,039,01,fall,48000,5,46800,0.075
C:\Users\USER\Documents\ESP32-S3-BOX-3-Voice-project\acoustic-alert-system\data\raw\06-592-03-011-01.wav,06-592-03-011-01.wav,06-592-03-011-01.wav,288044,True,,48000,1,144000,3.0,WAV,PCM_16,True,06,592,03,011,01,fall,48000,5,46800,0.075
C:\Users\USER\Documents\ESP32-S3-BOX-3-Voice-project\acoustic-alert-system\data\raw\06-595-04-096-01.wav,06-595-04-096-01.wav,06-595-04-096-01.wav,288044,True,,48000,1,144000,3.0,WAV,PCM_16,True,06,595,04,096,01,fall,48000,5,46800,0.075
C:\Users\USER\Documents\ESP32-S3-BOX-3-Voice-project\acoustic-alert-system\data\raw\06-604-00-167-02.wav,06-604-00-167-02.wav,06-604-00-167-02.wav,288044,True,,48000,1,144000,3.0,WAV,PCM_16,True,06,604,00,167,02,non_fall,48000,5,46800,0.075
C:\Users\USER\Documents\ESP32-S3-BOX-3-Voice-project\acoustic-alert-system\data\raw\06-607-00-063-02.wav,06-607-00-063-02.wav,06-607-00-063-02.wav,288044,True,,48000,1,144000,3.0,WAV,PCM_16,True,06,607,00,063,02,non_fall,48000,5,46800,0.075
C:\Users\USER\Documents\ESP32-S3-BOX-3-Voice-project\acoustic-alert-system\data\raw\06-631-00-233-02.wav,06-631-00-233-02.wav,06-631-00-233-02.wav,288044,True,,48000,1,144000,3.0,WAV,PCM_16,True,06,631,00,233,02,non_fall,48000,5,46800,0.075
C:\Users\USER\Documents\ESP32-S3-BOX-3-Voice-project\acoustic-alert-system\data\raw\06-653-00-321-02.wav,06-653-00-321-02.wav,06-653-00-321-02.wav,288044,True,,48000,1,144000,3.0,WAV,PCM_16,True,06,653,00,321,02,non_fall,48000,5,46800,0.075
C:\Users\USER\Documents\ESP32-S3-BOX-3-Voice-project\acoustic-alert-system\data\raw\06-669-00-442-02.wav,06-669-00-442-02.wav,06-669-00-442-02.wav,288044,True,,48000,1,144000,3.0,WAV,PCM_16,True,06,669,00,442,02,non_fall,48000,5,46800,0.075
C:\Users\USER\Documents\ESP32-S3-BOX-3-Voice-project\acoustic-alert-system\data\raw\06-681-02-080-01.wav,06-681-02-080-01.wav,06-681-02-080-01.wav,288044,True,,48000,1,144000,3.0,WAV,PCM_16,True,06,681,02,080,01,fall,48000,5,46800,0.075
C:\Users\USER\Documents\ESP32-S3-BOX-3-Voice-project\acoustic-alert-system\data\raw\06-684-00-036-02.wav,06-684-00-036-02.wav,06-684-00-036-02.wav,288044,True,,48000,1,144000,3.0,WAV,PCM_16,True,06,684,00,036,02,non_fall,48000,5,46800,0.075
C:\Users\USER\Documents\ESP32-S3-BOX-3-Voice-project\acoustic-alert-system\data\raw\06-693-00-353-02.wav,06-693-00-353-02.wav,06-693-00-353-02.wav,288044,True,,48000,1,144000,3.0,WAV,PCM_16,True,06,693,00,353,02,non_fall,48000,5,46800,0.075
C:\Users\USER\Documents\ESP32-S3-BOX-3-Voice-project\acoustic-alert-system\data\raw\06-696-07-024-01.wav,06-696-07-024-01.wav,06-696-07-024-01.wav,288044,True,,48000,1,144000,3.0,WAV,PCM_16,True,06,696,07,024,01,fall,48000,5,46800,0.075
C:\Users\USER\Documents\ESP32-S3-BOX-3-Voice-project\acoustic-alert-system\data\raw\06-700-04-084-01.wav,06-700-04-084-01.wav,06-700-04-084-01.wav,288044,True,,48000,1,144000,3.0,WAV,PCM_16,True,06,700,04,084,01,fall,48000,5,46800,0.075
C:\Users\USER\Documents\ESP32-S3-BOX-3-Voice-project\acoustic-alert-system\data\raw\06-702-04-066-01.wav,06-702-04-066-01.wav,06-702-04-066-01.wav,288044,True,,48000,1,144000,3.0,WAV,PCM_16,True,06,702,04,066,01,fall,48000,5,46800,0.075
C:\Users\USER\Documents\ESP32-S3-BOX-3-Voice-project\acoustic-alert-system\data\raw\06-708-07-049-01.wav,06-708-07-049-01.wav,06-708-07-049-01.wav,288044,True,,48000,1,144000,3.0,WAV,PCM_16,True,06,708,07,049,01,fall,48000,5,46800,0.075
C:\Users\USER\Documents\ESP32-S3-BOX-3-Voice-project\acoustic-alert-system\data\raw\06-717-00-235-02.wav,06-717-00-235-02.wav,06-717-00-235-02.wav,288044,True,,48000,1,144000,3.0,WAV,PCM_16,True,06,717,00,235,02,non_fall,48000,5,46800,0.075
C:\Users\USER\Documents\ESP32-S3-BOX-3-Voice-project\acoustic-alert-system\data\raw\06-719-00-045-02.wav,06-719-00-045-02.wav,06-719-00-045-02.wav,288044,True,,48000,1,144000,3.0,WAV,PCM_16,True,06,719,00,045,02,non_fall,48000,5,46800,0.075
C:\Users\USER\Documents\ESP32-S3-BOX-3-Voice-project\acoustic-alert-system\data\raw\06-722-00-309-02.wav,06-722-00-309-02.wav,06-722-00-309-02.wav,288044,True,,48000,1,144000,3.0,WAV,PCM_16,True,06,722,00,309,02,non_fall,48000,5,46800,0.075
C:\Users\USER\Documents\ESP32-S3-BOX-3-Voice-project\acoustic-alert-system\data\raw\06-747-06-013-01.wav,06-747-06-013-01.wav,06-747-06-013-01.wav,288044,True,,48000,1,144000,3.0,WAV,PCM_16,True,06,747,06,013,01,fall,48000,5,46800,0.075
C:\Users\USER\Documents\ESP32-S3-BOX-3-Voice-project\acoustic-alert-system\data\raw\06-750-00-187-02.wav,06-750-00-187-02.wav,06-750-00-187-02.wav,288044,True,,48000,1,144000,3.0,WAV,PCM_16,True,06,750,00,187,02,non_fall,48000,5,46800,0.075
C:\Users\USER\Documents\ESP32-S3-BOX-3-Voice-project\acoustic-alert-system\data\raw\06-761-01-045-01.wav,06-761-01-045-01.wav,06-761-01-045-01.wav,288044,True,,48000,1,144000,3.0,WAV,PCM_16,True,06,761,01,045,01,fall,48000,5,46800,0.075
C:\Users\USER\Documents\ESP32-S3-BOX-3-Voice-project\acoustic-alert-system\data\raw\06-772-02-037-01.wav,06-772-02-037-01.wav,06-772-02-037-01.wav,288044,True,,48000,1,144000,3.0,WAV,PCM_16,True,06,772,02,037,01,fall,48000,5,46800,0.075
C:\Users\USER\Documents\ESP32-S3-BOX-3-Voice-project\acoustic-alert-system\data\raw\06-800-07-037-01.wav,06-800-07-037-01.wav,06-800-07-037-01.wav,288044,True,,48000,1,144000,3.0,WAV,PCM_16,True,06,800,07,037,01,fall,48000,5,46800,0.075
C:\Users\USER\Documents\ESP32-S3-BOX-3-Voice-project\acoustic-alert-system\data\raw\06-805-00-261-02.wav,06-805-00-261-02.wav,06-805-00-261-02.wav,288044,True,,48000,1,144000,3.0,WAV,PCM_16,True,06,805,00,261,02,non_fall,48000,5,46800,0.075
C:\Users\USER\Documents\ESP32-S3-BOX-3-Voice-project\acoustic-alert-system\data\raw\06-808-07-035-01.wav,06-808-07-035-01.wav,06-808-07-035-01.wav,288044,True,,48000,1,144000,3.0,WAV,PCM_16,True,06,808,07,035,01,fall,48000,5,46800,0.075
C:\Users\USER\Documents\ESP32-S3-BOX-3-Voice-project\acoustic-alert-system\data\raw\06-810-07-044-01.wav,06-810-07-044-01.wav,06-810-07-044-01.wav,288044,True,,48000,1,144000,3.0,WAV,PCM_16,True,06,810,07,044,01,fall,48000,5,46800,0.075
C:\Users\USER\Documents\ESP32-S3-BOX-3-Voice-project\acoustic-alert-system\data\raw\06-838-00-468-02.wav,06-838-00-468-02.wav,06-838-00-468-02.wav,288044,True,,48000,1,144000,3.0,WAV,PCM_16,True,06,838,00,468,02,non_fall,48000,5,46800,0.075
C:\Users\USER\Documents\ESP32-S3-BOX-3-Voice-project\acoustic-alert-system\data\raw\06-847-02-034-01.wav,06-847-02-034-01.wav,06-847-02-034-01.wav,288044,True,,48000,1,144000,3.0,WAV,PCM_16,True,06,847,02,034,01,fall,48000,5,46800,0.075
C:\Users\USER\Documents\ESP32-S3-BOX-3-Voice-project\acoustic-alert-system\data\raw\06-860-00-034-02.wav,06-860-00-034-02.wav,06-860-00-034-02.wav,288044,True,,48000,1,144000,3.0,WAV,PCM_16,True,06,860,00,034,02,non_fall,48000,5,46800,0.075
C:\Users\USER\Documents\ESP32-S3-BOX-3-Voice-project\acoustic-alert-system\data\raw\06-862-00-095-02.wav,06-862-00-095-02.wav,06-862-00-095-02.wav,288044,True,,48000,1,144000,3.0,WAV,PCM_16,True,06,862,00,095,02,non_fall,48000,5,46800,0.075
C:\Users\USER\Documents\ESP32-S3-BOX-3-Voice-project\acoustic-alert-system\data\raw\06-865-06-016-01.wav,06-865-06-016-01.wav,06-865-06-016-01.wav,288044,True,,48000,1,144000,3.0,WAV,PCM_16,True,06,865,06,016,01,fall,48000,5,46800,0.075
C:\Users\USER\Documents\ESP32-S3-BOX-3-Voice-project\acoustic-alert-system\data\raw\06-888-00-029-02.wav,06-888-00-029-02.wav,06-888-00-029-02.wav,288044,True,,48000,1,144000,3.0,WAV,PCM_16,True,06,888,00,029,02,non_fall,48000,5,46800,0.075
C:\Users\USER\Documents\ESP32-S3-BOX-3-Voice-project\acoustic-alert-system\data\raw\06-891-05-074-01.wav,06-891-05-074-01.wav,06-891-05-074-01.wav,288044,True,,48000,1,144000,3.0,WAV,PCM_16,True,06,891,05,074,01,fall,48000,5,46800,0.075
C:\Users\USER\Documents\ESP32-S3-BOX-3-Voice-project\acoustic-alert-system\data\raw\06-899-00-092-02.wav,06-899-00-092-02.wav,06-899-00-092-02.wav,288044,True,,48000,1,144000,3.0,WAV,PCM_16,True,06,899,00,092,02,non_fall,48000,5,46800,0.075
C:\Users\USER\Documents\ESP32-S3-BOX-3-Voice-project\acoustic-alert-system\data\raw\06-927-00-204-02.wav,06-927-00-204-02.wav,06-927-00-204-02.wav,288044,True,,48000,1,144000,3.0,WAV,PCM_16,True,06,927,00,204,02,non_fall,48000,5,46800,0.075
C:\Users\USER\Documents\ESP32-S3-BOX-3-Voice-project\acoustic-alert-system\data\raw\06-928-04-018-01.wav,06-928-04-018-01.wav,06-928-04-018-01.wav,288044,True,,48000,1,144000,3.0,WAV,PCM_16,True,06,928,04,018,01,fall,48000,5,46800,0.075
C:\Users\USER\Documents\ESP32-S3-BOX-3-Voice-project\acoustic-alert-system\data\raw\06-943-00-380-02.wav,06-943-00-380-02.wav,06-943-00-380-02.wav,288044,True,,48000,1,144000,3.0,WAV,PCM_16,True,06,943,00,380,02,non_fall,48000,5,46800,0.075
C:\Users\USER\Documents\ESP32-S3-BOX-3-Voice-project\acoustic-alert-system\data\raw\06-944-00-002-02.wav,06-944-00-002-02.wav,06-944-00-002-02.wav,288044,True,,48000,1,144000,3.0,WAV,PCM_16,True,06,944,00,002,02,non_fall,48000,5,46800,0.075
C:\Users\USER\Documents\ESP32-S3-BOX-3-Voice-project\acoustic-alert-system\data\raw\06-948-04-064-01.wav,06-948-04-064-01.wav,06-948-04-064-01.wav,288044,True,,48000,1,144000,3.0,WAV,PCM_16,True,06,948,04,064,01,fall,48000,5,46800,0.075
C:\Users\USER\Documents\ESP32-S3-BOX-3-Voice-project\acoustic-alert-system\data\raw\06-950-03-002-01.wav,06-950-03-002-01.wav,06-950-03-002-01.wav,288044,True,,48000,1,144000,3.0,WAV,PCM_16,True,06,950,03,002,01,fall,48000,5,46800,0.075
C:\Users\USER\Documents\ESP32-S3-BOX-3-Voice-project\acoustic-alert-system\data\raw\07-002-04-017-01.wav,07-002-04-017-01.wav,07-002-04-017-01.wav,288044,True,,48000,1,144000,3.0,WAV,PCM_16,True,07,002,04,017,01,fall,48000,5,46800,0.075
C:\Users\USER\Documents\ESP32-S3-BOX-3-Voice-project\acoustic-alert-system\data\raw\07-007-00-121-02.wav,07-007-00-121-02.wav,07-007-00-121-02.wav,288044,True,,48000,1,144000,3.0,WAV,PCM_16,True,07,007,00,121,02,non_fall,48000,5,46800,0.075
C:\Users\USER\Documents\ESP32-S3-BOX-3-Voice-project\acoustic-alert-system\data\raw\07-011-05-066-01.wav,07-011-05-066-01.wav,07-011-05-066-01.wav,288044,True,,48000,1,144000,3.0,WAV,PCM_16,True,07,011,05,066,01,fall,48000,5,46800,0.075
C:\Users\USER\Documents\ESP32-S3-BOX-3-Voice-project\acoustic-alert-system\data\raw\07-048-04-067-01.wav,07-048-04-067-01.wav,07-048-04-067-01.wav,288044,True,,48000,1,144000,3.0,WAV,PCM_16,True,07,048,04,067,01,fall,48000,5,46800,0.075
C:\Users\USER\Documents\ESP32-S3-BOX-3-Voice-project\acoustic-alert-system\data\raw\07-050-00-007-02.wav,07-050-00-007-02.wav,07-050-00-007-02.wav,288044,True,,48000,1,144000,3.0,WAV,PCM_16,True,07,050,00,007,02,non_fall,48000,5,46800,0.075
C:\Users\USER\Documents\ESP32-S3-BOX-3-Voice-project\acoustic-alert-system\data\raw\07-081-00-376-02.wav,07-081-00-376-02.wav,07-081-00-376-02.wav,288044,True,,48000,1,144000,3.0,WAV,PCM_16,True,07,081,00,376,02,non_fall,48000,5,46800,0.075
C:\Users\USER\Documents\ESP32-S3-BOX-3-Voice-project\acoustic-alert-system\data\raw\07-083-00-379-02.wav,07-083-00-379-02.wav,07-083-00-379-02.wav,288044,True,,48000,1,144000,3.0,WAV,PCM_16,True,07,083,00,379,02,non_fall,48000,5,46800,0.075
C:\Users\USER\Documents\ESP32-S3-BOX-3-Voice-project\acoustic-alert-system\data\raw\07-087-00-372-02.wav,07-087-00-372-02.wav,07-087-00-372-02.wav,288044,True,,48000,1,144000,3.0,WAV,PCM_16,True,07,087,00,372,02,non_fall,48000,5,46800,0.075
C:\Users\USER\Documents\ESP32-S3-BOX-3-Voice-project\acoustic-alert-system\data\raw\07-090-04-074-01.wav,07-090-04-074-01.wav,07-090-04-074-01.wav,288044,True,,48000,1,144000,3.0,WAV,PCM_16,True,07,090,04,074,01,fall,48000,5,46800,0.075
C:\Users\USER\Documents\ESP32-S3-BOX-3-Voice-project\acoustic-alert-system\data\raw\07-091-04-053-01.wav,07-091-04-053-01.wav,07-091-04-053-01.wav,288044,True,,48000,1,144000,3.0,WAV,PCM_16,True,07,091,04,053,01,fall,48000,5,46800,0.075
C:\Users\USER\Documents\ESP32-S3-BOX-3-Voice-project\acoustic-alert-system\data\raw\07-092-01-047-01.wav,07-092-01-047-01.wav,07-092-01-047-01.wav,288044,True,,48000,1,144000,3.0,WAV,PCM_16,True,07,092,01,047,01,fall,48000,5,46800,0.075
C:\Users\USER\Documents\ESP32-S3-BOX-3-Voice-project\acoustic-alert-system\data\raw\07-097-04-071-01.wav,07-097-04-071-01.wav,07-097-04-071-01.wav,288044,True,,48000,1,144000,3.0,WAV,PCM_16,True,07,097,04,071,01,fall,48000,5,46800,0.075
C:\Users\USER\Documents\ESP32-S3-BOX-3-Voice-project\acoustic-alert-system\data\raw\07-099-00-273-02.wav,07-099-00-273-02.wav,07-099-00-273-02.wav,288044,True,,48000,1,144000,3.0,WAV,PCM_16,True,07,099,00,273,02,non_fall,48000,5,46800,0.075
C:\Users\USER\Documents\ESP32-S3-BOX-3-Voice-project\acoustic-alert-system\data\raw\07-107-04-072-01.wav,07-107-04-072-01.wav,07-107-04-072-01.wav,288044,True,,48000,1,144000,3.0,WAV,PCM_16,True,07,107,04,072,01,fall,48000,5,46800,0.075
C:\Users\USER\Documents\ESP32-S3-BOX-3-Voice-project\acoustic-alert-system\data\raw\07-112-05-051-01.wav,07-112-05-051-01.wav,07-112-05-051-01.wav,288044,True,,48000,1,144000,3.0,WAV,PCM_16,True,07,112,05,051,01,fall,48000,5,46800,0.075
C:\Users\USER\Documents\ESP32-S3-BOX-3-Voice-project\acoustic-alert-system\data\raw\07-115-05-031-01.wav,07-115-05-031-01.wav,07-115-05-031-01.wav,288044,True,,48000,1,144000,3.0,WAV,PCM_16,True,07,115,05,031,01,fall,48000,5,46800,0.075
C:\Users\USER\Documents\ESP32-S3-BOX-3-Voice-project\acoustic-alert-system\data\raw\07-128-02-081-01.wav,07-128-02-081-01.wav,07-128-02-081-01.wav,288044,True,,48000,1,144000,3.0,WAV,PCM_16,True,07,128,02,081,01,fall,48000,5,46800,0.075
C:\Users\USER\Documents\ESP32-S3-BOX-3-Voice-project\acoustic-alert-system\data\raw\07-136-00-016-02.wav,07-136-00-016-02.wav,07-136-00-016-02.wav,288044,True,,48000,1,144000,3.0,WAV,PCM_16,True,07,136,00,016,02,non_fall,48000,5,46800,0.075
C:\Users\USER\Documents\ESP32-S3-BOX-3-Voice-project\acoustic-alert-system\data\raw\07-143-02-093-01.wav,07-143-02-093-01.wav,07-143-02-093-01.wav,288044,True,,48000,1,144000,3.0,WAV,PCM_16,True,07,143,02,093,01,fall,48000,5,46800,0.075
C:\Users\USER\Documents\ESP32-S3-BOX-3-Voice-project\acoustic-alert-system\data\raw\07-150-00-279-02.wav,07-150-00-279-02.wav,07-150-00-279-02.wav,288044,True,,48000,1,144000,3.0,WAV,PCM_16,True,07,150,00,279,02,non_fall,48000,5,46800,0.075
C:\Users\USER\Documents\ESP32-S3-BOX-3-Voice-project\acoustic-alert-system\data\raw\07-151-05-017-01.wav,07-151-05-017-01.wav,07-151-05-017-01.wav,288044,True,,48000,1,144000,3.0,WAV,PCM_16,True,07,151,05,017,01,fall,48000,5,46800,0.075
C:\Users\USER\Documents\ESP32-S3-BOX-3-Voice-project\acoustic-alert-system\data\raw\07-179-07-003-01.wav,07-179-07-003-01.wav,07-179-07-003-01.wav,288044,True,,48000,1,144000,3.0,WAV,PCM_16,True,07,179,07,003,01,fall,48000,5,46800,0.075
C:\Users\USER\Documents\ESP32-S3-BOX-3-Voice-project\acoustic-alert-system\data\raw\07-190-00-368-02.wav,07-190-00-368-02.wav,07-190-00-368-02.wav,288044,True,,48000,1,144000,3.0,WAV,PCM_16,True,07,190,00,368,02,non_fall,48000,5,46800,0.075
C:\Users\USER\Documents\ESP32-S3-BOX-3-Voice-project\acoustic-alert-system\data\raw\07-203-02-106-01.wav,07-203-02-106-01.wav,07-203-02-106-01.wav,288044,True,,48000,1,144000,3.0,WAV,PCM_16,True,07,203,02,106,01,fall,48000,5,46800,0.075
C:\Users\USER\Documents\ESP32-S3-BOX-3-Voice-project\acoustic-alert-system\data\raw\07-212-01-040-01.wav,07-212-01-040-01.wav,07-212-01-040-01.wav,288044,True,,48000,1,144000,3.0,WAV,PCM_16,True,07,212,01,040,01,fall,48000,5,46800,0.075
C:\Users\USER\Documents\ESP32-S3-BOX-3-Voice-project\acoustic-alert-system\data\raw\07-217-06-005-01.wav,07-217-06-005-01.wav,07-217-06-005-01.wav,288044,True,,48000,1,144000,3.0,WAV,PCM_16,True,07,217,06,005,01,fall,48000,5,46800,0.075
C:\Users\USER\Documents\ESP32-S3-BOX-3-Voice-project\acoustic-alert-system\data\raw\07-220-00-243-02.wav,07-220-00-243-02.wav,07-220-00-243-02.wav,288044,True,,48000,1,144000,3.0,WAV,PCM_16,True,07,220,00,243,02,non_fall,48000,5,46800,0.075
C:\Users\USER\Documents\ESP32-S3-BOX-3-Voice-project\acoustic-alert-system\data\raw\07-224-00-019-02.wav,07-224-00-019-02.wav,07-224-00-019-02.wav,288044,True,,48000,1,144000,3.0,WAV,PCM_16,True,07,224,00,019,02,non_fall,48000,5,46800,0.075
C:\Users\USER\Documents\ESP32-S3-BOX-3-Voice-project\acoustic-alert-system\data\raw\07-239-00-461-02.wav,07-239-00-461-02.wav,07-239-00-461-02.wav,288044,True,,48000,1,144000,3.0,WAV,PCM_16,True,07,239,00,461,02,non_fall,48000,5,46800,0.075
C:\Users\USER\Documents\ESP32-S3-BOX-3-Voice-project\acoustic-alert-system\data\raw\07-248-00-184-02.wav,07-248-00-184-02.wav,07-248-00-184-02.wav,288044,True,,48000,1,144000,3.0,WAV,PCM_16,True,07,248,00,184,02,non_fall,48000,5,46800,0.075
C:\Users\USER\Documents\ESP32-S3-BOX-3-Voice-project\acoustic-alert-system\data\raw\07-254-02-112-01.wav,07-254-02-112-01.wav,07-254-02-112-01.wav,288044,True,,48000,1,144000,3.0,WAV,PCM_16,True,07,254,02,112,01,fall,48000,5,46800,0.075
C:\Users\USER\Documents\ESP32-S3-BOX-3-Voice-project\acoustic-alert-system\data\raw\07-272-00-107-02.wav,07-272-00-107-02.wav,07-272-00-107-02.wav,288044,True,,48000,1,144000,3.0,WAV,PCM_16,True,07,272,00,107,02,non_fall,48000,5,46800,0.075
C:\Users\USER\Documents\ESP32-S3-BOX-3-Voice-project\acoustic-alert-system\data\raw\07-280-00-163-02.wav,07-280-00-163-02.wav,07-280-00-163-02.wav,288044,True,,48000,1,144000,3.0,WAV,PCM_16,True,07,280,00,163,02,non_fall,48000,5,46800,0.075
C:\Users\USER\Documents\ESP32-S3-BOX-3-Voice-project\acoustic-alert-system\data\raw\07-287-00-454-02.wav,07-287-00-454-02.wav,07-287-00-454-02.wav,288044,True,,48000,1,144000,3.0,WAV,PCM_16,True,07,287,00,454,02,non_fall,48000,5,46800,0.075
C:\Users\USER\Documents\ESP32-S3-BOX-3-Voice-project\acoustic-alert-system\data\raw\07-300-00-463-02.wav,07-300-00-463-02.wav,07-300-00-463-02.wav,288044,True,,48000,1,144000,3.0,WAV,PCM_16,True,07,300,00,463,02,non_fall,48000,5,46800,0.075
C:\Users\USER\Documents\ESP32-S3-BOX-3-Voice-project\acoustic-alert-system\data\raw\07-313-00-262-02.wav,07-313-00-262-02.wav,07-313-00-262-02.wav,288044,True,,48000,1,144000,3.0,WAV,PCM_16,True,07,313,00,262,02,non_fall,48000,5,46800,0.075
C:\Users\USER\Documents\ESP32-S3-BOX-3-Voice-project\acoustic-alert-system\data\raw\07-337-06-018-01.wav,07-337-06-018-01.wav,07-337-06-018-01.wav,288044,True,,48000,1,144000,3.0,WAV,PCM_16,True,07,337,06,018,01,fall,48000,5,46800,0.075
C:\Users\USER\Documents\ESP32-S3-BOX-3-Voice-project\acoustic-alert-system\data\raw\07-350-00-013-02.wav,07-350-00-013-02.wav,07-350-00-013-02.wav,288044,True,,48000,1,144000,3.0,WAV,PCM_16,True,07,350,00,013,02,non_fall,48000,5,46800,0.075
C:\Users\USER\Documents\ESP32-S3-BOX-3-Voice-project\acoustic-alert-system\data\raw\07-356-02-097-01.wav,07-356-02-097-01.wav,07-356-02-097-01.wav,288044,True,,48000,1,144000,3.0,WAV,PCM_16,True,07,356,02,097,01,fall,48000,5,46800,0.075
C:\Users\USER\Documents\ESP32-S3-BOX-3-Voice-project\acoustic-alert-system\data\raw\07-358-04-052-01.wav,07-358-04-052-01.wav,07-358-04-052-01.wav,288044,True,,48000,1,144000,3.0,WAV,PCM_16,True,07,358,04,052,01,fall,48000,5,46800,0.075
C:\Users\USER\Documents\ESP32-S3-BOX-3-Voice-project\acoustic-alert-system\data\raw\07-362-01-006-01.wav,07-362-01-006-01.wav,07-362-01-006-01.wav,288044,True,,48000,1,144000,3.0,WAV,PCM_16,True,07,362,01,006,01,fall,48000,5,46800,0.075
C:\Users\USER\Documents\ESP32-S3-BOX-3-Voice-project\acoustic-alert-system\data\raw\07-367-00-179-02.wav,07-367-00-179-02.wav,07-367-00-179-02.wav,288044,True,,48000,1,144000,3.0,WAV,PCM_16,True,07,367,00,179,02,non_fall,48000,5,46800,0.075
C:\Users\USER\Documents\ESP32-S3-BOX-3-Voice-project\acoustic-alert-system\data\raw\07-370-04-034-01.wav,07-370-04-034-01.wav,07-370-04-034-01.wav,288044,True,,48000,1,144000,3.0,WAV,PCM_16,True,07,370,04,034,01,fall,48000,5,46800,0.075
C:\Users\USER\Documents\ESP32-S3-BOX-3-Voice-project\acoustic-alert-system\data\raw\07-378-04-046-01.wav,07-378-04-046-01.wav,07-378-04-046-01.wav,288044,True,,48000,1,144000,3.0,WAV,PCM_16,True,07,378,04,046,01,fall,48000,5,46800,0.075
C:\Users\USER\Documents\ESP32-S3-BOX-3-Voice-project\acoustic-alert-system\data\raw\07-390-00-017-02.wav,07-390-00-017-02.wav,07-390-00-017-02.wav,288044,True,,48000,1,144000,3.0,WAV,PCM_16,True,07,390,00,017,02,non_fall,48000,5,46800,0.075
C:\Users\USER\Documents\ESP32-S3-BOX-3-Voice-project\acoustic-alert-system\data\raw\07-398-05-067-01.wav,07-398-05-067-01.wav,07-398-05-067-01.wav,288044,True,,48000,1,144000,3.0,WAV,PCM_16,True,07,398,05,067,01,fall,48000,5,46800,0.075
C:\Users\USER\Documents\ESP32-S3-BOX-3-Voice-project\acoustic-alert-system\data\raw\07-399-04-077-01.wav,07-399-04-077-01.wav,07-399-04-077-01.wav,288044,True,,48000,1,144000,3.0,WAV,PCM_16,True,07,399,04,077,01,fall,48000,5,46800,0.075
C:\Users\USER\Documents\ESP32-S3-BOX-3-Voice-project\acoustic-alert-system\data\raw\07-402-00-236-02.wav,07-402-00-236-02.wav,07-402-00-236-02.wav,288044,True,,48000,1,144000,3.0,WAV,PCM_16,True,07,402,00,236,02,non_fall,48000,5,46800,0.075
C:\Users\USER\Documents\ESP32-S3-BOX-3-Voice-project\acoustic-alert-system\data\raw\07-404-02-069-01.wav,07-404-02-069-01.wav,07-404-02-069-01.wav,288044,True,,48000,1,144000,3.0,WAV,PCM_16,True,07,404,02,069,01,fall,48000,5,46800,0.075
C:\Users\USER\Documents\ESP32-S3-BOX-3-Voice-project\acoustic-alert-system\data\raw\07-425-00-091-02.wav,07-425-00-091-02.wav,07-425-00-091-02.wav,288044,True,,48000,1,144000,3.0,WAV,PCM_16,True,07,425,00,091,02,non_fall,48000,5,46800,0.075
C:\Users\USER\Documents\ESP32-S3-BOX-3-Voice-project\acoustic-alert-system\data\raw\07-426-00-453-02.wav,07-426-00-453-02.wav,07-426-00-453-02.wav,288044,True,,48000,1,144000,3.0,WAV,PCM_16,True,07,426,00,453,02,non_fall,48000,5,46800,0.075
C:\Users\USER\Documents\ESP32-S3-BOX-3-Voice-project\acoustic-alert-system\data\raw\07-460-00-162-02.wav,07-460-00-162-02.wav,07-460-00-162-02.wav,288044,True,,48000,1,144000,3.0,WAV,PCM_16,True,07,460,00,162,02,non_fall,48000,5,46800,0.075
C:\Users\USER\Documents\ESP32-S3-BOX-3-Voice-project\acoustic-alert-system\data\raw\07-522-04-060-01.wav,07-522-04-060-01.wav,07-522-04-060-01.wav,288044,True,,48000,1,144000,3.0,WAV,PCM_16,True,07,522,04,060,01,fall,48000,5,46800,0.075
C:\Users\USER\Documents\ESP32-S3-BOX-3-Voice-project\acoustic-alert-system\data\raw\07-529-05-028-01.wav,07-529-05-028-01.wav,07-529-05-028-01.wav,288044,True,,48000,1,144000,3.0,WAV,PCM_16,True,07,529,05,028,01,fall,48000,5,46800,0.075
C:\Users\USER\Documents\ESP32-S3-BOX-3-Voice-project\acoustic-alert-system\data\raw\07-556-00-061-02.wav,07-556-00-061-02.wav,07-556-00-061-02.wav,288044,True,,48000,1,144000,3.0,WAV,PCM_16,True,07,556,00,061,02,non_fall,48000,5,46800,0.075
C:\Users\USER\Documents\ESP32-S3-BOX-3-Voice-project\acoustic-alert-system\data\raw\07-565-00-308-02.wav,07-565-00-308-02.wav,07-565-00-308-02.wav,288044,True,,48000,1,144000,3.0,WAV,PCM_16,True,07,565,00,308,02,non_fall,48000,5,46800,0.075
C:\Users\USER\Documents\ESP32-S3-BOX-3-Voice-project\acoustic-alert-system\data\raw\07-566-01-048-01.wav,07-566-01-048-01.wav,07-566-01-048-01.wav,288044,True,,48000,1,144000,3.0,WAV,PCM_16,True,07,566,01,048,01,fall,48000,5,46800,0.075
C:\Users\USER\Documents\ESP32-S3-BOX-3-Voice-project\acoustic-alert-system\data\raw\07-573-00-147-02.wav,07-573-00-147-02.wav,07-573-00-147-02.wav,288044,True,,48000,1,144000,3.0,WAV,PCM_16,True,07,573,00,147,02,non_fall,48000,5,46800,0.075
C:\Users\USER\Documents\ESP32-S3-BOX-3-Voice-project\acoustic-alert-system\data\raw\07-577-02-074-01.wav,07-577-02-074-01.wav,07-577-02-074-01.wav,288044,True,,48000,1,144000,3.0,WAV,PCM_16,True,07,577,02,074,01,fall,48000,5,46800,0.075
C:\Users\USER\Documents\ESP32-S3-BOX-3-Voice-project\acoustic-alert-system\data\raw\07-622-02-123-01.wav,07-622-02-123-01.wav,07-622-02-123-01.wav,288044,True,,48000,1,144000,3.0,WAV,PCM_16,True,07,622,02,123,01,fall,48000,5,46800,0.075
C:\Users\USER\Documents\ESP32-S3-BOX-3-Voice-project\acoustic-alert-system\data\raw\07-624-04-031-01.wav,07-624-04-031-01.wav,07-624-04-031-01.wav,288044,True,,48000,1,144000,3.0,WAV,PCM_16,True,07,624,04,031,01,fall,48000,5,46800,0.075
C:\Users\USER\Documents\ESP32-S3-BOX-3-Voice-project\acoustic-alert-system\data\raw\07-625-04-021-01.wav,07-625-04-021-01.wav,07-625-04-021-01.wav,288044,True,,48000,1,144000,3.0,WAV,PCM_16,True,07,625,04,021,01,fall,48000,5,46800,0.075
C:\Users\USER\Documents\ESP32-S3-BOX-3-Voice-project\acoustic-alert-system\data\raw\07-645-00-065-02.wav,07-645-00-065-02.wav,07-645-00-065-02.wav,288044,True,,48000,1,144000,3.0,WAV,PCM_16,True,07,645,00,065,02,non_fall,48000,5,46800,0.075
C:\Users\USER\Documents\ESP32-S3-BOX-3-Voice-project\acoustic-alert-system\data\raw\07-647-02-006-01.wav,07-647-02-006-01.wav,07-647-02-006-01.wav,288044,True,,48000,1,144000,3.0,WAV,PCM_16,True,07,647,02,006,01,fall,48000,5,46800,0.075
C:\Users\USER\Documents\ESP32-S3-BOX-3-Voice-project\acoustic-alert-system\data\raw\07-656-03-012-01.wav,07-656-03-012-01.wav,07-656-03-012-01.wav,288044,True,,48000,1,144000,3.0,WAV,PCM_16,True,07,656,03,012,01,fall,48000,5,46800,0.075
C:\Users\USER\Documents\ESP32-S3-BOX-3-Voice-project\acoustic-alert-system\data\raw\07-666-02-114-01.wav,07-666-02-114-01.wav,07-666-02-114-01.wav,288044,True,,48000,1,144000,3.0,WAV,PCM_16,True,07,666,02,114,01,fall,48000,5,46800,0.075
C:\Users\USER\Documents\ESP32-S3-BOX-3-Voice-project\acoustic-alert-system\data\raw\07-698-00-397-02.wav,07-698-00-397-02.wav,07-698-00-397-02.wav,288044,True,,48000,1,144000,3.0,WAV,PCM_16,True,07,698,00,397,02,non_fall,48000,5,46800,0.075
C:\Users\USER\Documents\ESP32-S3-BOX-3-Voice-project\acoustic-alert-system\data\raw\07-699-00-399-02.wav,07-699-00-399-02.wav,07-699-00-399-02.wav,288044,True,,48000,1,144000,3.0,WAV,PCM_16,True,07,699,00,399,02,non_fall,48000,5,46800,0.075
C:\Users\USER\Documents\ESP32-S3-BOX-3-Voice-project\acoustic-alert-system\data\raw\07-706-01-031-01.wav,07-706-01-031-01.wav,07-706-01-031-01.wav,288044,True,,48000,1,144000,3.0,WAV,PCM_16,True,07,706,01,031,01,fall,48000,5,46800,0.075
C:\Users\USER\Documents\ESP32-S3-BOX-3-Voice-project\acoustic-alert-system\data\raw\07-739-00-130-02.wav,07-739-00-130-02.wav,07-739-00-130-02.wav,288044,True,,48000,1,144000,3.0,WAV,PCM_16,True,07,739,00,130,02,non_fall,48000,5,46800,0.075
C:\Users\USER\Documents\ESP32-S3-BOX-3-Voice-project\acoustic-alert-system\data\raw\07-748-04-101-01.wav,07-748-04-101-01.wav,07-748-04-101-01.wav,288044,True,,48000,1,144000,3.0,WAV,PCM_16,True,07,748,04,101,01,fall,48000,5,46800,0.075
C:\Users\USER\Documents\ESP32-S3-BOX-3-Voice-project\acoustic-alert-system\data\raw\07-763-00-123-02.wav,07-763-00-123-02.wav,07-763-00-123-02.wav,288044,True,,48000,1,144000,3.0,WAV,PCM_16,True,07,763,00,123,02,non_fall,48000,5,46800,0.075
C:\Users\USER\Documents\ESP32-S3-BOX-3-Voice-project\acoustic-alert-system\data\raw\07-787-00-168-02.wav,07-787-00-168-02.wav,07-787-00-168-02.wav,288044,True,,48000,1,144000,3.0,WAV,PCM_16,True,07,787,00,168,02,non_fall,48000,5,46800,0.075
C:\Users\USER\Documents\ESP32-S3-BOX-3-Voice-project\acoustic-alert-system\data\raw\07-807-00-296-02.wav,07-807-00-296-02.wav,07-807-00-296-02.wav,288044,True,,48000,1,144000,3.0,WAV,PCM_16,True,07,807,00,296,02,non_fall,48000,5,46800,0.075
C:\Users\USER\Documents\ESP32-S3-BOX-3-Voice-project\acoustic-alert-system\data\raw\07-824-05-073-01.wav,07-824-05-073-01.wav,07-824-05-073-01.wav,288044,True,,48000,1,144000,3.0,WAV,PCM_16,True,07,824,05,073,01,fall,48000,5,46800,0.075
C:\Users\USER\Documents\ESP32-S3-BOX-3-Voice-project\acoustic-alert-system\data\raw\07-828-00-062-02.wav,07-828-00-062-02.wav,07-828-00-062-02.wav,288044,True,,48000,1,144000,3.0,WAV,PCM_16,True,07,828,00,062,02,non_fall,48000,5,46800,0.075
C:\Users\USER\Documents\ESP32-S3-BOX-3-Voice-project\acoustic-alert-system\data\raw\07-829-04-036-01.wav,07-829-04-036-01.wav,07-829-04-036-01.wav,288044,True,,48000,1,144000,3.0,WAV,PCM_16,True,07,829,04,036,01,fall,48000,5,46800,0.075
C:\Users\USER\Documents\ESP32-S3-BOX-3-Voice-project\acoustic-alert-system\data\raw\07-836-05-077-01.wav,07-836-05-077-01.wav,07-836-05-077-01.wav,288044,True,,48000,1,144000,3.0,WAV,PCM_16,True,07,836,05,077,01,fall,48000,5,46800,0.075
C:\Users\USER\Documents\ESP32-S3-BOX-3-Voice-project\acoustic-alert-system\data\raw\07-840-00-266-02.wav,07-840-00-266-02.wav,07-840-00-266-02.wav,288044,True,,48000,1,144000,3.0,WAV,PCM_16,True,07,840,00,266,02,non_fall,48000,5,46800,0.075
C:\Users\USER\Documents\ESP32-S3-BOX-3-Voice-project\acoustic-alert-system\data\raw\07-844-00-336-02.wav,07-844-00-336-02.wav,07-844-00-336-02.wav,288044,True,,48000,1,144000,3.0,WAV,PCM_16,True,07,844,00,336,02,non_fall,48000,5,46800,0.075
C:\Users\USER\Documents\ESP32-S3-BOX-3-Voice-project\acoustic-alert-system\data\raw\07-846-00-398-02.wav,07-846-00-398-02.wav,07-846-00-398-02.wav,288044,True,,48000,1,144000,3.0,WAV,PCM_16,True,07,846,00,398,02,non_fall,48000,5,46800,0.075
C:\Users\USER\Documents\ESP32-S3-BOX-3-Voice-project\acoustic-alert-system\data\raw\07-849-00-069-02.wav,07-849-00-069-02.wav,07-849-00-069-02.wav,288044,True,,48000,1,144000,3.0,WAV,PCM_16,True,07,849,00,069,02,non_fall,48000,5,46800,0.075
C:\Users\USER\Documents\ESP32-S3-BOX-3-Voice-project\acoustic-alert-system\data\raw\07-855-04-019-01.wav,07-855-04-019-01.wav,07-855-04-019-01.wav,288044,True,,48000,1,144000,3.0,WAV,PCM_16,True,07,855,04,019,01,fall,48000,5,46800,0.075
C:\Users\USER\Documents\ESP32-S3-BOX-3-Voice-project\acoustic-alert-system\data\raw\07-857-00-008-02.wav,07-857-00-008-02.wav,07-857-00-008-02.wav,288044,True,,48000,1,144000,3.0,WAV,PCM_16,True,07,857,00,008,02,non_fall,48000,5,46800,0.075
C:\Users\USER\Documents\ESP32-S3-BOX-3-Voice-project\acoustic-alert-system\data\raw\07-859-05-054-01.wav,07-859-05-054-01.wav,07-859-05-054-01.wav,288044,True,,48000,1,144000,3.0,WAV,PCM_16,True,07,859,05,054,01,fall,48000,5,46800,0.075
C:\Users\USER\Documents\ESP32-S3-BOX-3-Voice-project\acoustic-alert-system\data\raw\07-883-00-049-02.wav,07-883-00-049-02.wav,07-883-00-049-02.wav,288044,True,,48000,1,144000,3.0,WAV,PCM_16,True,07,883,00,049,02,non_fall,48000,5,46800,0.075
C:\Users\USER\Documents\ESP32-S3-BOX-3-Voice-project\acoustic-alert-system\data\raw\07-893-00-354-02.wav,07-893-00-354-02.wav,07-893-00-354-02.wav,288044,True,,48000,1,144000,3.0,WAV,PCM_16,True,07,893,00,354,02,non_fall,48000,5,46800,0.075
C:\Users\USER\Documents\ESP32-S3-BOX-3-Voice-project\acoustic-alert-system\data\raw\07-901-02-021-01.wav,07-901-02-021-01.wav,07-901-02-021-01.wav,288044,True,,48000,1,144000,3.0,WAV,PCM_16,True,07,901,02,021,01,fall,48000,5,46800,0.075
C:\Users\USER\Documents\ESP32-S3-BOX-3-Voice-project\acoustic-alert-system\data\raw\07-912-00-223-02.wav,07-912-00-223-02.wav,07-912-00-223-02.wav,288044,True,,48000,1,144000,3.0,WAV,PCM_16,True,07,912,00,223,02,non_fall,48000,5,46800,0.075
C:\Users\USER\Documents\ESP32-S3-BOX-3-Voice-project\acoustic-alert-system\data\raw\07-918-01-009-01.wav,07-918-01-009-01.wav,07-918-01-009-01.wav,288044,True,,48000,1,144000,3.0,WAV,PCM_16,True,07,918,01,009,01,fall,48000,5,46800,0.075
C:\Users\USER\Documents\ESP32-S3-BOX-3-Voice-project\acoustic-alert-system\data\raw\07-931-00-348-02.wav,07-931-00-348-02.wav,07-931-00-348-02.wav,288044,True,,48000,1,144000,3.0,WAV,PCM_16,True,07,931,00,348,02,non_fall,48000,5,46800,0.075
C:\Users\USER\Documents\ESP32-S3-BOX-3-Voice-project\acoustic-alert-system\data\raw\07-933-00-003-02.wav,07-933-00-003-02.wav,07-933-00-003-02.wav,288044,True,,48000,1,144000,3.0,WAV,PCM_16,True,07,933,00,003,02,non_fall,48000,5,46800,0.075
C:\Users\USER\Documents\ESP32-S3-BOX-3-Voice-project\acoustic-alert-system\data\raw\07-935-02-083-01.wav,07-935-02-083-01.wav,07-935-02-083-01.wav,288044,True,,48000,1,144000,3.0,WAV,PCM_16,True,07,935,02,083,01,fall,48000,5,46800,0.075
C:\Users\USER\Documents\ESP32-S3-BOX-3-Voice-project\acoustic-alert-system\data\raw\07-941-00-257-02.wav,07-941-00-257-02.wav,07-941-00-257-02.wav,288044,True,,48000,1,144000,3.0,WAV,PCM_16,True,07,941,00,257,02,non_fall,48000,5,46800,0.075
C:\Users\USER\Documents\ESP32-S3-BOX-3-Voice-project\acoustic-alert-system\data\raw\07-946-04-039-01.wav,07-946-04-039-01.wav,07-946-04-039-01.wav,288044,True,,48000,1,144000,3.0,WAV,PCM_16,True,07,946,04,039,01,fall,48000,5,46800,0.075
C:\Users\USER\Documents\ESP32-S3-BOX-3-Voice-project\acoustic-alert-system\data\raw\08-013-00-112-02.wav,08-013-00-112-02.wav,08-013-00-112-02.wav,288044,True,,48000,1,144000,3.0,WAV,PCM_16,True,08,013,00,112,02,non_fall,48000,5,46800,0.075
C:\Users\USER\Documents\ESP32-S3-BOX-3-Voice-project\acoustic-alert-system\data\raw\08-019-00-227-02.wav,08-019-00-227-02.wav,08-019-00-227-02.wav,288044,True,,48000,1,144000,3.0,WAV,PCM_16,True,08,019,00,227,02,non_fall,48000,5,46800,0.075
C:\Users\USER\Documents\ESP32-S3-BOX-3-Voice-project\acoustic-alert-system\data\raw\08-027-07-025-01.wav,08-027-07-025-01.wav,08-027-07-025-01.wav,288044,True,,48000,1,144000,3.0,WAV,PCM_16,True,08,027,07,025,01,fall,48000,5,46800,0.075
C:\Users\USER\Documents\ESP32-S3-BOX-3-Voice-project\acoustic-alert-system\data\raw\08-039-00-229-02.wav,08-039-00-229-02.wav,08-039-00-229-02.wav,288044,True,,48000,1,144000,3.0,WAV,PCM_16,True,08,039,00,229,02,non_fall,48000,5,46800,0.075
C:\Users\USER\Documents\ESP32-S3-BOX-3-Voice-project\acoustic-alert-system\data\raw\08-043-00-294-02.wav,08-043-00-294-02.wav,08-043-00-294-02.wav,288044,True,,48000,1,144000,3.0,WAV,PCM_16,True,08,043,00,294,02,non_fall,48000,5,46800,0.075
C:\Users\USER\Documents\ESP32-S3-BOX-3-Voice-project\acoustic-alert-system\data\raw\08-049-00-357-02.wav,08-049-00-357-02.wav,08-049-00-357-02.wav,288044,True,,48000,1,144000,3.0,WAV,PCM_16,True,08,049,00,357,02,non_fall,48000,5,46800,0.075
C:\Users\USER\Documents\ESP32-S3-BOX-3-Voice-project\acoustic-alert-system\data\raw\08-052-02-082-01.wav,08-052-02-082-01.wav,08-052-02-082-01.wav,288044,True,,48000,1,144000,3.0,WAV,PCM_16,True,08,052,02,082,01,fall,48000,5,46800,0.075
C:\Users\USER\Documents\ESP32-S3-BOX-3-Voice-project\acoustic-alert-system\data\raw\08-071-04-080-01.wav,08-071-04-080-01.wav,08-071-04-080-01.wav,288044,True,,48000,1,144000,3.0,WAV,PCM_16,True,08,071,04,080,01,fall,48000,5,46800,0.075
C:\Users\USER\Documents\ESP32-S3-BOX-3-Voice-project\acoustic-alert-system\data\raw\08-073-00-046-02.wav,08-073-00-046-02.wav,08-073-00-046-02.wav,288044,True,,48000,1,144000,3.0,WAV,PCM_16,True,08,073,00,046,02,non_fall,48000,5,46800,0.075
C:\Users\USER\Documents\ESP32-S3-BOX-3-Voice-project\acoustic-alert-system\data\raw\08-078-02-099-01.wav,08-078-02-099-01.wav,08-078-02-099-01.wav,288044,True,,48000,1,144000,3.0,WAV,PCM_16,True,08,078,02,099,01,fall,48000,5,46800,0.075
C:\Users\USER\Documents\ESP32-S3-BOX-3-Voice-project\acoustic-alert-system\data\raw\08-103-00-346-02.wav,08-103-00-346-02.wav,08-103-00-346-02.wav,288044,True,,48000,1,144000,3.0,WAV,PCM_16,True,08,103,00,346,02,non_fall,48000,5,46800,0.075
C:\Users\USER\Documents\ESP32-S3-BOX-3-Voice-project\acoustic-alert-system\data\raw\08-116-00-303-02.wav,08-116-00-303-02.wav,08-116-00-303-02.wav,288044,True,,48000,1,144000,3.0,WAV,PCM_16,True,08,116,00,303,02,non_fall,48000,5,46800,0.075
C:\Users\USER\Documents\ESP32-S3-BOX-3-Voice-project\acoustic-alert-system\data\raw\08-120-05-072-01.wav,08-120-05-072-01.wav,08-120-05-072-01.wav,288044,True,,48000,1,144000,3.0,WAV,PCM_16,True,08,120,05,072,01,fall,48000,5,46800,0.075
C:\Users\USER\Documents\ESP32-S3-BOX-3-Voice-project\acoustic-alert-system\data\raw\08-124-00-395-02.wav,08-124-00-395-02.wav,08-124-00-395-02.wav,288044,True,,48000,1,144000,3.0,WAV,PCM_16,True,08,124,00,395,02,non_fall,48000,5,46800,0.075
C:\Users\USER\Documents\ESP32-S3-BOX-3-Voice-project\acoustic-alert-system\data\raw\08-126-00-381-02.wav,08-126-00-381-02.wav,08-126-00-381-02.wav,288044,True,,48000,1,144000,3.0,WAV,PCM_16,True,08,126,00,381,02,non_fall,48000,5,46800,0.075
C:\Users\USER\Documents\ESP32-S3-BOX-3-Voice-project\acoustic-alert-system\data\raw\08-132-04-016-01.wav,08-132-04-016-01.wav,08-132-04-016-01.wav,288044,True,,48000,1,144000,3.0,WAV,PCM_16,True,08,132,04,016,01,fall,48000,5,46800,0.075
C:\Users\USER\Documents\ESP32-S3-BOX-3-Voice-project\acoustic-alert-system\data\raw\08-147-00-447-02.wav,08-147-00-447-02.wav,08-147-00-447-02.wav,288044,True,,48000,1,144000,3.0,WAV,PCM_16,True,08,147,00,447,02,non_fall,48000,5,46800,0.075
C:\Users\USER\Documents\ESP32-S3-BOX-3-Voice-project\acoustic-alert-system\data\raw\08-155-00-238-02.wav,08-155-00-238-02.wav,08-155-00-238-02.wav,288044,True,,48000,1,144000,3.0,WAV,PCM_16,True,08,155,00,238,02,non_fall,48000,5,46800,0.075
C:\Users\USER\Documents\ESP32-S3-BOX-3-Voice-project\acoustic-alert-system\data\raw\08-173-02-049-01.wav,08-173-02-049-01.wav,08-173-02-049-01.wav,288044,True,,48000,1,144000,3.0,WAV,PCM_16,True,08,173,02,049,01,fall,48000,5,46800,0.075
C:\Users\USER\Documents\ESP32-S3-BOX-3-Voice-project\acoustic-alert-system\data\raw\08-229-00-079-02.wav,08-229-00-079-02.wav,08-229-00-079-02.wav,288044,True,,48000,1,144000,3.0,WAV,PCM_16,True,08,229,00,079,02,non_fall,48000,5,46800,0.075
C:\Users\USER\Documents\ESP32-S3-BOX-3-Voice-project\acoustic-alert-system\data\raw\08-231-00-105-02.wav,08-231-00-105-02.wav,08-231-00-105-02.wav,288044,True,,48000,1,144000,3.0,WAV,PCM_16,True,08,231,00,105,02,non_fall,48000,5,46800,0.075
C:\Users\USER\Documents\ESP32-S3-BOX-3-Voice-project\acoustic-alert-system\data\raw\08-233-07-022-01.wav,08-233-07-022-01.wav,08-233-07-022-01.wav,288044,True,,48000,1,144000,3.0,WAV,PCM_16,True,08,233,07,022,01,fall,48000,5,46800,0.075
C:\Users\USER\Documents\ESP32-S3-BOX-3-Voice-project\acoustic-alert-system\data\raw\08-235-06-023-01.wav,08-235-06-023-01.wav,08-235-06-023-01.wav,288044,True,,48000,1,144000,3.0,WAV,PCM_16,True,08,235,06,023,01,fall,48000,5,46800,0.075
C:\Users\USER\Documents\ESP32-S3-BOX-3-Voice-project\acoustic-alert-system\data\raw\08-238-02-019-01.wav,08-238-02-019-01.wav,08-238-02-019-01.wav,288044,True,,48000,1,144000,3.0,WAV,PCM_16,True,08,238,02,019,01,fall,48000,5,46800,0.075
C:\Users\USER\Documents\ESP32-S3-BOX-3-Voice-project\acoustic-alert-system\data\raw\08-260-00-349-02.wav,08-260-00-349-02.wav,08-260-00-349-02.wav,288044,True,,48000,1,144000,3.0,WAV,PCM_16,True,08,260,00,349,02,non_fall,48000,5,46800,0.075
C:\Users\USER\Documents\ESP32-S3-BOX-3-Voice-project\acoustic-alert-system\data\raw\08-268-05-022-01.wav,08-268-05-022-01.wav,08-268-05-022-01.wav,288044,True,,48000,1,144000,3.0,WAV,PCM_16,True,08,268,05,022,01,fall,48000,5,46800,0.075
C:\Users\USER\Documents\ESP32-S3-BOX-3-Voice-project\acoustic-alert-system\data\raw\08-276-02-107-01.wav,08-276-02-107-01.wav,08-276-02-107-01.wav,288044,True,,48000,1,144000,3.0,WAV,PCM_16,True,08,276,02,107,01,fall,48000,5,46800,0.075
C:\Users\USER\Documents\ESP32-S3-BOX-3-Voice-project\acoustic-alert-system\data\raw\08-282-02-105-01.wav,08-282-02-105-01.wav,08-282-02-105-01.wav,288044,True,,48000,1,144000,3.0,WAV,PCM_16,True,08,282,02,105,01,fall,48000,5,46800,0.075
C:\Users\USER\Documents\ESP32-S3-BOX-3-Voice-project\acoustic-alert-system\data\raw\08-284-02-094-01.wav,08-284-02-094-01.wav,08-284-02-094-01.wav,288044,True,,48000,1,144000,3.0,WAV,PCM_16,True,08,284,02,094,01,fall,48000,5,46800,0.075
C:\Users\USER\Documents\ESP32-S3-BOX-3-Voice-project\acoustic-alert-system\data\raw\08-290-00-110-02.wav,08-290-00-110-02.wav,08-290-00-110-02.wav,288044,True,,48000,1,144000,3.0,WAV,PCM_16,True,08,290,00,110,02,non_fall,48000,5,46800,0.075
C:\Users\USER\Documents\ESP32-S3-BOX-3-Voice-project\acoustic-alert-system\data\raw\08-297-01-046-01.wav,08-297-01-046-01.wav,08-297-01-046-01.wav,288044,True,,48000,1,144000,3.0,WAV,PCM_16,True,08,297,01,046,01,fall,48000,5,46800,0.075
C:\Users\USER\Documents\ESP32-S3-BOX-3-Voice-project\acoustic-alert-system\data\raw\08-302-00-228-02.wav,08-302-00-228-02.wav,08-302-00-228-02.wav,288044,True,,48000,1,144000,3.0,WAV,PCM_16,True,08,302,00,228,02,non_fall,48000,5,46800,0.075
C:\Users\USER\Documents\ESP32-S3-BOX-3-Voice-project\acoustic-alert-system\data\raw\08-303-02-025-01.wav,08-303-02-025-01.wav,08-303-02-025-01.wav,288044,True,,48000,1,144000,3.0,WAV,PCM_16,True,08,303,02,025,01,fall,48000,5,46800,0.075
C:\Users\USER\Documents\ESP32-S3-BOX-3-Voice-project\acoustic-alert-system\data\raw\08-305-05-057-01.wav,08-305-05-057-01.wav,08-305-05-057-01.wav,288044,True,,48000,1,144000,3.0,WAV,PCM_16,True,08,305,05,057,01,fall,48000,5,46800,0.075
C:\Users\USER\Documents\ESP32-S3-BOX-3-Voice-project\acoustic-alert-system\data\raw\08-317-07-045-01.wav,08-317-07-045-01.wav,08-317-07-045-01.wav,288044,True,,48000,1,144000,3.0,WAV,PCM_16,True,08,317,07,045,01,fall,48000,5,46800,0.075
C:\Users\USER\Documents\ESP32-S3-BOX-3-Voice-project\acoustic-alert-system\data\raw\08-320-01-007-01.wav,08-320-01-007-01.wav,08-320-01-007-01.wav,288044,True,,48000,1,144000,3.0,WAV,PCM_16,True,08,320,01,007,01,fall,48000,5,46800,0.075
C:\Users\USER\Documents\ESP32-S3-BOX-3-Voice-project\acoustic-alert-system\data\raw\08-332-01-022-01.wav,08-332-01-022-01.wav,08-332-01-022-01.wav,288044,True,,48000,1,144000,3.0,WAV,PCM_16,True,08,332,01,022,01,fall,48000,5,46800,0.075
C:\Users\USER\Documents\ESP32-S3-BOX-3-Voice-project\acoustic-alert-system\data\raw\08-341-00-394-02.wav,08-341-00-394-02.wav,08-341-00-394-02.wav,288044,True,,48000,1,144000,3.0,WAV,PCM_16,True,08,341,00,394,02,non_fall,48000,5,46800,0.075
C:\Users\USER\Documents\ESP32-S3-BOX-3-Voice-project\acoustic-alert-system\data\raw\08-364-02-004-01.wav,08-364-02-004-01.wav,08-364-02-004-01.wav,288044,True,,48000,1,144000,3.0,WAV,PCM_16,True,08,364,02,004,01,fall,48000,5,46800,0.075
C:\Users\USER\Documents\ESP32-S3-BOX-3-Voice-project\acoustic-alert-system\data\raw\08-389-00-338-02.wav,08-389-00-338-02.wav,08-389-00-338-02.wav,288044,True,,48000,1,144000,3.0,WAV,PCM_16,True,08,389,00,338,02,non_fall,48000,5,46800,0.075
C:\Users\USER\Documents\ESP32-S3-BOX-3-Voice-project\acoustic-alert-system\data\raw\08-405-00-129-02.wav,08-405-00-129-02.wav,08-405-00-129-02.wav,288044,True,,48000,1,144000,3.0,WAV,PCM_16,True,08,405,00,129,02,non_fall,48000,5,46800,0.075
C:\Users\USER\Documents\ESP32-S3-BOX-3-Voice-project\acoustic-alert-system\data\raw\08-408-05-041-01.wav,08-408-05-041-01.wav,08-408-05-041-01.wav,288044,True,,48000,1,144000,3.0,WAV,PCM_16,True,08,408,05,041,01,fall,48000,5,46800,0.075
C:\Users\USER\Documents\ESP32-S3-BOX-3-Voice-project\acoustic-alert-system\data\raw\08-409-02-040-01.wav,08-409-02-040-01.wav,08-409-02-040-01.wav,288044,True,,48000,1,144000,3.0,WAV,PCM_16,True,08,409,02,040,01,fall,48000,5,46800,0.075
C:\Users\USER\Documents\ESP32-S3-BOX-3-Voice-project\acoustic-alert-system\data\raw\08-414-03-016-01.wav,08-414-03-016-01.wav,08-414-03-016-01.wav,288044,True,,48000,1,144000,3.0,WAV,PCM_16,True,08,414,03,016,01,fall,48000,5,46800,0.075
C:\Users\USER\Documents\ESP32-S3-BOX-3-Voice-project\acoustic-alert-system\data\raw\08-416-00-018-02.wav,08-416-00-018-02.wav,08-416-00-018-02.wav,288044,True,,48000,1,144000,3.0,WAV,PCM_16,True,08,416,00,018,02,non_fall,48000,5,46800,0.075
C:\Users\USER\Documents\ESP32-S3-BOX-3-Voice-project\acoustic-alert-system\data\raw\08-438-03-001-01.wav,08-438-03-001-01.wav,08-438-03-001-01.wav,288044,True,,48000,1,144000,3.0,WAV,PCM_16,True,08,438,03,001,01,fall,48000,5,46800,0.075
C:\Users\USER\Documents\ESP32-S3-BOX-3-Voice-project\acoustic-alert-system\data\raw\08-453-00-209-02.wav,08-453-00-209-02.wav,08-453-00-209-02.wav,288044,True,,48000,1,144000,3.0,WAV,PCM_16,True,08,453,00,209,02,non_fall,48000,5,46800,0.075
C:\Users\USER\Documents\ESP32-S3-BOX-3-Voice-project\acoustic-alert-system\data\raw\08-457-00-153-02.wav,08-457-00-153-02.wav,08-457-00-153-02.wav,288044,True,,48000,1,144000,3.0,WAV,PCM_16,True,08,457,00,153,02,non_fall,48000,5,46800,0.075
C:\Users\USER\Documents\ESP32-S3-BOX-3-Voice-project\acoustic-alert-system\data\raw\08-471-00-190-02.wav,08-471-00-190-02.wav,08-471-00-190-02.wav,288044,True,,48000,1,144000,3.0,WAV,PCM_16,True,08,471,00,190,02,non_fall,48000,5,46800,0.075
C:\Users\USER\Documents\ESP32-S3-BOX-3-Voice-project\acoustic-alert-system\data\raw\08-482-03-009-01.wav,08-482-03-009-01.wav,08-482-03-009-01.wav,288044,True,,48000,1,144000,3.0,WAV,PCM_16,True,08,482,03,009,01,fall,48000,5,46800,0.075
C:\Users\USER\Documents\ESP32-S3-BOX-3-Voice-project\acoustic-alert-system\data\raw\08-488-02-013-01.wav,08-488-02-013-01.wav,08-488-02-013-01.wav,288044,True,,48000,1,144000,3.0,WAV,PCM_16,True,08,488,02,013,01,fall,48000,5,46800,0.075
C:\Users\USER\Documents\ESP32-S3-BOX-3-Voice-project\acoustic-alert-system\data\raw\08-505-00-127-02.wav,08-505-00-127-02.wav,08-505-00-127-02.wav,288044,True,,48000,1,144000,3.0,WAV,PCM_16,True,08,505,00,127,02,non_fall,48000,5,46800,0.075
C:\Users\USER\Documents\ESP32-S3-BOX-3-Voice-project\acoustic-alert-system\data\raw\08-509-00-151-02.wav,08-509-00-151-02.wav,08-509-00-151-02.wav,288044,True,,48000,1,144000,3.0,WAV,PCM_16,True,08,509,00,151,02,non_fall,48000,5,46800,0.075
C:\Users\USER\Documents\ESP32-S3-BOX-3-Voice-project\acoustic-alert-system\data\raw\08-513-02-088-01.wav,08-513-02-088-01.wav,08-513-02-088-01.wav,288044,True,,48000,1,144000,3.0,WAV,PCM_16,True,08,513,02,088,01,fall,48000,5,46800,0.075
C:\Users\USER\Documents\ESP32-S3-BOX-3-Voice-project\acoustic-alert-system\data\raw\08-514-02-078-01.wav,08-514-02-078-01.wav,08-514-02-078-01.wav,288044,True,,48000,1,144000,3.0,WAV,PCM_16,True,08,514,02,078,01,fall,48000,5,46800,0.075
C:\Users\USER\Documents\ESP32-S3-BOX-3-Voice-project\acoustic-alert-system\data\raw\08-521-00-384-02.wav,08-521-00-384-02.wav,08-521-00-384-02.wav,288044,True,,48000,1,144000,3.0,WAV,PCM_16,True,08,521,00,384,02,non_fall,48000,5,46800,0.075
C:\Users\USER\Documents\ESP32-S3-BOX-3-Voice-project\acoustic-alert-system\data\raw\08-525-00-335-02.wav,08-525-00-335-02.wav,08-525-00-335-02.wav,288044,True,,48000,1,144000,3.0,WAV,PCM_16,True,08,525,00,335,02,non_fall,48000,5,46800,0.075
C:\Users\USER\Documents\ESP32-S3-BOX-3-Voice-project\acoustic-alert-system\data\raw\08-532-00-086-02.wav,08-532-00-086-02.wav,08-532-00-086-02.wav,288044,True,,48000,1,144000,3.0,WAV,PCM_16,True,08,532,00,086,02,non_fall,48000,5,46800,0.075
C:\Users\USER\Documents\ESP32-S3-BOX-3-Voice-project\acoustic-alert-system\data\raw\08-537-00-048-02.wav,08-537-00-048-02.wav,08-537-00-048-02.wav,288044,True,,48000,1,144000,3.0,WAV,PCM_16,True,08,537,00,048,02,non_fall,48000,5,46800,0.075
C:\Users\USER\Documents\ESP32-S3-BOX-3-Voice-project\acoustic-alert-system\data\raw\08-551-03-024-01.wav,08-551-03-024-01.wav,08-551-03-024-01.wav,288044,True,,48000,1,144000,3.0,WAV,PCM_16,True,08,551,03,024,01,fall,48000,5,46800,0.075
C:\Users\USER\Documents\ESP32-S3-BOX-3-Voice-project\acoustic-alert-system\data\raw\08-555-02-071-01.wav,08-555-02-071-01.wav,08-555-02-071-01.wav,288044,True,,48000,1,144000,3.0,WAV,PCM_16,True,08,555,02,071,01,fall,48000,5,46800,0.075
C:\Users\USER\Documents\ESP32-S3-BOX-3-Voice-project\acoustic-alert-system\data\raw\08-557-01-055-01.wav,08-557-01-055-01.wav,08-557-01-055-01.wav,288044,True,,48000,1,144000,3.0,WAV,PCM_16,True,08,557,01,055,01,fall,48000,5,46800,0.075
C:\Users\USER\Documents\ESP32-S3-BOX-3-Voice-project\acoustic-alert-system\data\raw\08-594-00-291-02.wav,08-594-00-291-02.wav,08-594-00-291-02.wav,288044,True,,48000,1,144000,3.0,WAV,PCM_16,True,08,594,00,291,02,non_fall,48000,5,46800,0.075
C:\Users\USER\Documents\ESP32-S3-BOX-3-Voice-project\acoustic-alert-system\data\raw\08-597-00-005-02.wav,08-597-00-005-02.wav,08-597-00-005-02.wav,288044,True,,48000,1,144000,3.0,WAV,PCM_16,True,08,597,00,005,02,non_fall,48000,5,46800,0.075
C:\Users\USER\Documents\ESP32-S3-BOX-3-Voice-project\acoustic-alert-system\data\raw\08-614-00-054-02.wav,08-614-00-054-02.wav,08-614-00-054-02.wav,288044,True,,48000,1,144000,3.0,WAV,PCM_16,True,08,614,00,054,02,non_fall,48000,5,46800,0.075
C:\Users\USER\Documents\ESP32-S3-BOX-3-Voice-project\acoustic-alert-system\data\raw\08-616-00-401-02.wav,08-616-00-401-02.wav,08-616-00-401-02.wav,288044,True,,48000,1,144000,3.0,WAV,PCM_16,True,08,616,00,401,02,non_fall,48000,5,46800,0.075
C:\Users\USER\Documents\ESP32-S3-BOX-3-Voice-project\acoustic-alert-system\data\raw\08-639-02-126-01.wav,08-639-02-126-01.wav,08-639-02-126-01.wav,288044,True,,48000,1,144000,3.0,WAV,PCM_16,True,08,639,02,126,01,fall,48000,5,46800,0.075
C:\Users\USER\Documents\ESP32-S3-BOX-3-Voice-project\acoustic-alert-system\data\raw\08-643-03-026-01.wav,08-643-03-026-01.wav,08-643-03-026-01.wav,288044,True,,48000,1,144000,3.0,WAV,PCM_16,True,08,643,03,026,01,fall,48000,5,46800,0.075
C:\Users\USER\Documents\ESP32-S3-BOX-3-Voice-project\acoustic-alert-system\data\raw\08-655-00-449-02.wav,08-655-00-449-02.wav,08-655-00-449-02.wav,288044,True,,48000,1,144000,3.0,WAV,PCM_16,True,08,655,00,449,02,non_fall,48000,5,46800,0.075
C:\Users\USER\Documents\ESP32-S3-BOX-3-Voice-project\acoustic-alert-system\data\raw\08-658-01-034-01.wav,08-658-01-034-01.wav,08-658-01-034-01.wav,288044,True,,48000,1,144000,3.0,WAV,PCM_16,True,08,658,01,034,01,fall,48000,5,46800,0.075
C:\Users\USER\Documents\ESP32-S3-BOX-3-Voice-project\acoustic-alert-system\data\raw\08-675-06-025-01.wav,08-675-06-025-01.wav,08-675-06-025-01.wav,288044,True,,48000,1,144000,3.0,WAV,PCM_16,True,08,675,06,025,01,fall,48000,5,46800,0.075
C:\Users\USER\Documents\ESP32-S3-BOX-3-Voice-project\acoustic-alert-system\data\raw\08-679-07-015-01.wav,08-679-07-015-01.wav,08-679-07-015-01.wav,288044,True,,48000,1,144000,3.0,WAV,PCM_16,True,08,679,07,015,01,fall,48000,5,46800,0.075
C:\Users\USER\Documents\ESP32-S3-BOX-3-Voice-project\acoustic-alert-system\data\raw\08-686-00-286-02.wav,08-686-00-286-02.wav,08-686-00-286-02.wav,288044,True,,48000,1,144000,3.0,WAV,PCM_16,True,08,686,00,286,02,non_fall,48000,5,46800,0.075
C:\Users\USER\Documents\ESP32-S3-BOX-3-Voice-project\acoustic-alert-system\data\raw\08-715-00-362-02.wav,08-715-00-362-02.wav,08-715-00-362-02.wav,288044,True,,48000,1,144000,3.0,WAV,PCM_16,True,08,715,00,362,02,non_fall,48000,5,46800,0.075
C:\Users\USER\Documents\ESP32-S3-BOX-3-Voice-project\acoustic-alert-system\data\raw\08-728-00-275-02.wav,08-728-00-275-02.wav,08-728-00-275-02.wav,288044,True,,48000,1,144000,3.0,WAV,PCM_16,True,08,728,00,275,02,non_fall,48000,5,46800,0.075
C:\Users\USER\Documents\ESP32-S3-BOX-3-Voice-project\acoustic-alert-system\data\raw\08-731-00-343-02.wav,08-731-00-343-02.wav,08-731-00-343-02.wav,288044,True,,48000,1,144000,3.0,WAV,PCM_16,True,08,731,00,343,02,non_fall,48000,5,46800,0.075
C:\Users\USER\Documents\ESP32-S3-BOX-3-Voice-project\acoustic-alert-system\data\raw\08-732-07-005-01.wav,08-732-07-005-01.wav,08-732-07-005-01.wav,288044,True,,48000,1,144000,3.0,WAV,PCM_16,True,08,732,07,005,01,fall,48000,5,46800,0.075
C:\Users\USER\Documents\ESP32-S3-BOX-3-Voice-project\acoustic-alert-system\data\raw\08-741-07-029-01.wav,08-741-07-029-01.wav,08-741-07-029-01.wav,288044,True,,48000,1,144000,3.0,WAV,PCM_16,True,08,741,07,029,01,fall,48000,5,46800,0.075
C:\Users\USER\Documents\ESP32-S3-BOX-3-Voice-project\acoustic-alert-system\data\raw\08-743-02-079-01.wav,08-743-02-079-01.wav,08-743-02-079-01.wav,288044,True,,48000,1,144000,3.0,WAV,PCM_16,True,08,743,02,079,01,fall,48000,5,46800,0.075
C:\Users\USER\Documents\ESP32-S3-BOX-3-Voice-project\acoustic-alert-system\data\raw\08-769-00-193-02.wav,08-769-00-193-02.wav,08-769-00-193-02.wav,288044,True,,48000,1,144000,3.0,WAV,PCM_16,True,08,769,00,193,02,non_fall,48000,5,46800,0.075
C:\Users\USER\Documents\ESP32-S3-BOX-3-Voice-project\acoustic-alert-system\data\raw\08-777-00-326-02.wav,08-777-00-326-02.wav,08-777-00-326-02.wav,288044,True,,48000,1,144000,3.0,WAV,PCM_16,True,08,777,00,326,02,non_fall,48000,5,46800,0.075
C:\Users\USER\Documents\ESP32-S3-BOX-3-Voice-project\acoustic-alert-system\data\raw\08-782-00-213-02.wav,08-782-00-213-02.wav,08-782-00-213-02.wav,288044,True,,48000,1,144000,3.0,WAV,PCM_16,True,08,782,00,213,02,non_fall,48000,5,46800,0.075
C:\Users\USER\Documents\ESP32-S3-BOX-3-Voice-project\acoustic-alert-system\data\raw\08-788-05-029-01.wav,08-788-05-029-01.wav,08-788-05-029-01.wav,288044,True,,48000,1,144000,3.0,WAV,PCM_16,True,08,788,05,029,01,fall,48000,5,46800,0.075
C:\Users\USER\Documents\ESP32-S3-BOX-3-Voice-project\acoustic-alert-system\data\raw\08-791-00-056-02.wav,08-791-00-056-02.wav,08-791-00-056-02.wav,288044,True,,48000,1,144000,3.0,WAV,PCM_16,True,08,791,00,056,02,non_fall,48000,5,46800,0.075
C:\Users\USER\Documents\ESP32-S3-BOX-3-Voice-project\acoustic-alert-system\data\raw\08-798-04-099-01.wav,08-798-04-099-01.wav,08-798-04-099-01.wav,288044,True,,48000,1,144000,3.0,WAV,PCM_16,True,08,798,04,099,01,fall,48000,5,46800,0.075
C:\Users\USER\Documents\ESP32-S3-BOX-3-Voice-project\acoustic-alert-system\data\raw\08-822-04-001-01.wav,08-822-04-001-01.wav,08-822-04-001-01.wav,288044,True,,48000,1,144000,3.0,WAV,PCM_16,True,08,822,04,001,01,fall,48000,5,46800,0.075
C:\Users\USER\Documents\ESP32-S3-BOX-3-Voice-project\acoustic-alert-system\data\raw\08-827-00-216-02.wav,08-827-00-216-02.wav,08-827-00-216-02.wav,288044,True,,48000,1,144000,3.0,WAV,PCM_16,True,08,827,00,216,02,non_fall,48000,5,46800,0.075
C:\Users\USER\Documents\ESP32-S3-BOX-3-Voice-project\acoustic-alert-system\data\raw\08-839-03-003-01.wav,08-839-03-003-01.wav,08-839-03-003-01.wav,288044,True,,48000,1,144000,3.0,WAV,PCM_16,True,08,839,03,003,01,fall,48000,5,46800,0.075
C:\Users\USER\Documents\ESP32-S3-BOX-3-Voice-project\acoustic-alert-system\data\raw\08-866-02-027-01.wav,08-866-02-027-01.wav,08-866-02-027-01.wav,288044,True,,48000,1,144000,3.0,WAV,PCM_16,True,08,866,02,027,01,fall,48000,5,46800,0.075
C:\Users\USER\Documents\ESP32-S3-BOX-3-Voice-project\acoustic-alert-system\data\raw\08-873-00-418-02.wav,08-873-00-418-02.wav,08-873-00-418-02.wav,288044,True,,48000,1,144000,3.0,WAV,PCM_16,True,08,873,00,418,02,non_fall,48000,5,46800,0.075
C:\Users\USER\Documents\ESP32-S3-BOX-3-Voice-project\acoustic-alert-system\data\raw\08-896-02-031-01.wav,08-896-02-031-01.wav,08-896-02-031-01.wav,288044,True,,48000,1,144000,3.0,WAV,PCM_16,True,08,896,02,031,01,fall,48000,5,46800,0.075
C:\Users\USER\Documents\ESP32-S3-BOX-3-Voice-project\acoustic-alert-system\data\raw\08-921-00-389-02.wav,08-921-00-389-02.wav,08-921-00-389-02.wav,288044,True,,48000,1,144000,3.0,WAV,PCM_16,True,08,921,00,389,02,non_fall,48000,5,46800,0.075
C:\Users\USER\Documents\ESP32-S3-BOX-3-Voice-project\acoustic-alert-system\data\raw\08-929-00-149-02.wav,08-929-00-149-02.wav,08-929-00-149-02.wav,288044,True,,48000,1,144000,3.0,WAV,PCM_16,True,08,929,00,149,02,non_fall,48000,5,46800,0.075
C:\Users\USER\Documents\ESP32-S3-BOX-3-Voice-project\acoustic-alert-system\data\raw\08-930-02-072-01.wav,08-930-02-072-01.wav,08-930-02-072-01.wav,288044,True,,48000,1,144000,3.0,WAV,PCM_16,True,08,930,02,072,01,fall,48000,5,46800,0.075
C:\Users\USER\Documents\ESP32-S3-BOX-3-Voice-project\acoustic-alert-system\data\raw\08-938-01-008-01.wav,08-938-01-008-01.wav,08-938-01-008-01.wav,288044,True,,48000,1,144000,3.0,WAV,PCM_16,True,08,938,01,008,01,fall,48000,5,46800,0.075
C:\Users\USER\Documents\ESP32-S3-BOX-3-Voice-project\acoustic-alert-system\data\raw\09-031-00-306-02.wav,09-031-00-306-02.wav,09-031-00-306-02.wav,288044,True,,48000,1,144000,3.0,WAV,PCM_16,True,09,031,00,306,02,non_fall,48000,5,46800,0.075
C:\Users\USER\Documents\ESP32-S3-BOX-3-Voice-project\acoustic-alert-system\data\raw\09-038-05-063-01.wav,09-038-05-063-01.wav,09-038-05-063-01.wav,288044,True,,48000,1,144000,3.0,WAV,PCM_16,True,09,038,05,063,01,fall,48000,5,46800,0.075
C:\Users\USER\Documents\ESP32-S3-BOX-3-Voice-project\acoustic-alert-system\data\raw\09-075-05-014-01.wav,09-075-05-014-01.wav,09-075-05-014-01.wav,288044,True,,48000,1,144000,3.0,WAV,PCM_16,True,09,075,05,014,01,fall,48000,5,46800,0.075
C:\Users\USER\Documents\ESP32-S3-BOX-3-Voice-project\acoustic-alert-system\data\raw\09-088-00-363-02.wav,09-088-00-363-02.wav,09-088-00-363-02.wav,288044,True,,48000,1,144000,3.0,WAV,PCM_16,True,09,088,00,363,02,non_fall,48000,5,46800,0.075
C:\Users\USER\Documents\ESP32-S3-BOX-3-Voice-project\acoustic-alert-system\data\raw\09-129-00-231-02.wav,09-129-00-231-02.wav,09-129-00-231-02.wav,288044,True,,48000,1,144000,3.0,WAV,PCM_16,True,09,129,00,231,02,non_fall,48000,5,46800,0.075
C:\Users\USER\Documents\ESP32-S3-BOX-3-Voice-project\acoustic-alert-system\data\raw\09-137-00-311-02.wav,09-137-00-311-02.wav,09-137-00-311-02.wav,288044,True,,48000,1,144000,3.0,WAV,PCM_16,True,09,137,00,311,02,non_fall,48000,5,46800,0.075
C:\Users\USER\Documents\ESP32-S3-BOX-3-Voice-project\acoustic-alert-system\data\raw\09-153-04-033-01.wav,09-153-04-033-01.wav,09-153-04-033-01.wav,288044,True,,48000,1,144000,3.0,WAV,PCM_16,True,09,153,04,033,01,fall,48000,5,46800,0.075
C:\Users\USER\Documents\ESP32-S3-BOX-3-Voice-project\acoustic-alert-system\data\raw\09-164-01-023-01.wav,09-164-01-023-01.wav,09-164-01-023-01.wav,288044,True,,48000,1,144000,3.0,WAV,PCM_16,True,09,164,01,023,01,fall,48000,5,46800,0.075
C:\Users\USER\Documents\ESP32-S3-BOX-3-Voice-project\acoustic-alert-system\data\raw\09-199-00-068-02.wav,09-199-00-068-02.wav,09-199-00-068-02.wav,288044,True,,48000,1,144000,3.0,WAV,PCM_16,True,09,199,00,068,02,non_fall,48000,5,46800,0.075
C:\Users\USER\Documents\ESP32-S3-BOX-3-Voice-project\acoustic-alert-system\data\raw\09-208-05-018-01.wav,09-208-05-018-01.wav,09-208-05-018-01.wav,288044,True,,48000,1,144000,3.0,WAV,PCM_16,True,09,208,05,018,01,fall,48000,5,46800,0.075
C:\Users\USER\Documents\ESP32-S3-BOX-3-Voice-project\acoustic-alert-system\data\raw\09-232-00-417-02.wav,09-232-00-417-02.wav,09-232-00-417-02.wav,288044,True,,48000,1,144000,3.0,WAV,PCM_16,True,09,232,00,417,02,non_fall,48000,5,46800,0.075
C:\Users\USER\Documents\ESP32-S3-BOX-3-Voice-project\acoustic-alert-system\data\raw\09-237-00-070-02.wav,09-237-00-070-02.wav,09-237-00-070-02.wav,288044,True,,48000,1,144000,3.0,WAV,PCM_16,True,09,237,00,070,02,non_fall,48000,5,46800,0.075
C:\Users\USER\Documents\ESP32-S3-BOX-3-Voice-project\acoustic-alert-system\data\raw\09-245-02-085-01.wav,09-245-02-085-01.wav,09-245-02-085-01.wav,288044,True,,48000,1,144000,3.0,WAV,PCM_16,True,09,245,02,085,01,fall,48000,5,46800,0.075
C:\Users\USER\Documents\ESP32-S3-BOX-3-Voice-project\acoustic-alert-system\data\raw\09-250-00-014-02.wav,09-250-00-014-02.wav,09-250-00-014-02.wav,288044,True,,48000,1,144000,3.0,WAV,PCM_16,True,09,250,00,014,02,non_fall,48000,5,46800,0.075
C:\Users\USER\Documents\ESP32-S3-BOX-3-Voice-project\acoustic-alert-system\data\raw\09-265-04-092-01.wav,09-265-04-092-01.wav,09-265-04-092-01.wav,288044,True,,48000,1,144000,3.0,WAV,PCM_16,True,09,265,04,092,01,fall,48000,5,46800,0.075
C:\Users\USER\Documents\ESP32-S3-BOX-3-Voice-project\acoustic-alert-system\data\raw\09-271-00-272-02.wav,09-271-00-272-02.wav,09-271-00-272-02.wav,288044,True,,48000,1,144000,3.0,WAV,PCM_16,True,09,271,00,272,02,non_fall,48000,5,46800,0.075
C:\Users\USER\Documents\ESP32-S3-BOX-3-Voice-project\acoustic-alert-system\data\raw\09-288-00-144-02.wav,09-288-00-144-02.wav,09-288-00-144-02.wav,288044,True,,48000,1,144000,3.0,WAV,PCM_16,True,09,288,00,144,02,non_fall,48000,5,46800,0.075
C:\Users\USER\Documents\ESP32-S3-BOX-3-Voice-project\acoustic-alert-system\data\raw\09-314-01-035-01.wav,09-314-01-035-01.wav,09-314-01-035-01.wav,288044,True,,48000,1,144000,3.0,WAV,PCM_16,True,09,314,01,035,01,fall,48000,5,46800,0.075
C:\Users\USER\Documents\ESP32-S3-BOX-3-Voice-project\acoustic-alert-system\data\raw\09-316-00-352-02.wav,09-316-00-352-02.wav,09-316-00-352-02.wav,288044,True,,48000,1,144000,3.0,WAV,PCM_16,True,09,316,00,352,02,non_fall,48000,5,46800,0.075
C:\Users\USER\Documents\ESP32-S3-BOX-3-Voice-project\acoustic-alert-system\data\raw\09-328-00-337-02.wav,09-328-00-337-02.wav,09-328-00-337-02.wav,288044,True,,48000,1,144000,3.0,WAV,PCM_16,True,09,328,00,337,02,non_fall,48000,5,46800,0.075
C:\Users\USER\Documents\ESP32-S3-BOX-3-Voice-project\acoustic-alert-system\data\raw\09-330-04-020-01.wav,09-330-04-020-01.wav,09-330-04-020-01.wav,288044,True,,48000,1,144000,3.0,WAV,PCM_16,True,09,330,04,020,01,fall,48000,5,46800,0.075
C:\Users\USER\Documents\ESP32-S3-BOX-3-Voice-project\acoustic-alert-system\data\raw\09-354-03-025-01.wav,09-354-03-025-01.wav,09-354-03-025-01.wav,288044,True,,48000,1,144000,3.0,WAV,PCM_16,True,09,354,03,025,01,fall,48000,5,46800,0.075
C:\Users\USER\Documents\ESP32-S3-BOX-3-Voice-project\acoustic-alert-system\data\raw\09-359-00-426-02.wav,09-359-00-426-02.wav,09-359-00-426-02.wav,288044,True,,48000,1,144000,3.0,WAV,PCM_16,True,09,359,00,426,02,non_fall,48000,5,46800,0.075
C:\Users\USER\Documents\ESP32-S3-BOX-3-Voice-project\acoustic-alert-system\data\raw\09-372-05-075-01.wav,09-372-05-075-01.wav,09-372-05-075-01.wav,288044,True,,48000,1,144000,3.0,WAV,PCM_16,True,09,372,05,075,01,fall,48000,5,46800,0.075
C:\Users\USER\Documents\ESP32-S3-BOX-3-Voice-project\acoustic-alert-system\data\raw\09-391-00-041-02.wav,09-391-00-041-02.wav,09-391-00-041-02.wav,288044,True,,48000,1,144000,3.0,WAV,PCM_16,True,09,391,00,041,02,non_fall,48000,5,46800,0.075
C:\Users\USER\Documents\ESP32-S3-BOX-3-Voice-project\acoustic-alert-system\data\raw\09-392-05-046-01.wav,09-392-05-046-01.wav,09-392-05-046-01.wav,288044,True,,48000,1,144000,3.0,WAV,PCM_16,True,09,392,05,046,01,fall,48000,5,46800,0.075
C:\Users\USER\Documents\ESP32-S3-BOX-3-Voice-project\acoustic-alert-system\data\raw\09-397-00-099-02.wav,09-397-00-099-02.wav,09-397-00-099-02.wav,288044,True,,48000,1,144000,3.0,WAV,PCM_16,True,09,397,00,099,02,non_fall,48000,5,46800,0.075
C:\Users\USER\Documents\ESP32-S3-BOX-3-Voice-project\acoustic-alert-system\data\raw\09-403-00-387-02.wav,09-403-00-387-02.wav,09-403-00-387-02.wav,288044,True,,48000,1,144000,3.0,WAV,PCM_16,True,09,403,00,387,02,non_fall,48000,5,46800,0.075
C:\Users\USER\Documents\ESP32-S3-BOX-3-Voice-project\acoustic-alert-system\data\raw\09-410-00-270-02.wav,09-410-00-270-02.wav,09-410-00-270-02.wav,288044,True,,48000,1,144000,3.0,WAV,PCM_16,True,09,410,00,270,02,non_fall,48000,5,46800,0.075
C:\Users\USER\Documents\ESP32-S3-BOX-3-Voice-project\acoustic-alert-system\data\raw\09-417-04-049-01.wav,09-417-04-049-01.wav,09-417-04-049-01.wav,288044,True,,48000,1,144000,3.0,WAV,PCM_16,True,09,417,04,049,01,fall,48000,5,46800,0.075
C:\Users\USER\Documents\ESP32-S3-BOX-3-Voice-project\acoustic-alert-system\data\raw\09-422-07-054-01.wav,09-422-07-054-01.wav,09-422-07-054-01.wav,288044,True,,48000,1,144000,3.0,WAV,PCM_16,True,09,422,07,054,01,fall,48000,5,46800,0.075
C:\Users\USER\Documents\ESP32-S3-BOX-3-Voice-project\acoustic-alert-system\data\raw\09-431-04-097-01.wav,09-431-04-097-01.wav,09-431-04-097-01.wav,288044,True,,48000,1,144000,3.0,WAV,PCM_16,True,09,431,04,097,01,fall,48000,5,46800,0.075
C:\Users\USER\Documents\ESP32-S3-BOX-3-Voice-project\acoustic-alert-system\data\raw\09-432-02-115-01.wav,09-432-02-115-01.wav,09-432-02-115-01.wav,288044,True,,48000,1,144000,3.0,WAV,PCM_16,True,09,432,02,115,01,fall,48000,5,46800,0.075
C:\Users\USER\Documents\ESP32-S3-BOX-3-Voice-project\acoustic-alert-system\data\raw\09-437-00-156-02.wav,09-437-00-156-02.wav,09-437-00-156-02.wav,288044,True,,48000,1,144000,3.0,WAV,PCM_16,True,09,437,00,156,02,non_fall,48000,5,46800,0.075
C:\Users\USER\Documents\ESP32-S3-BOX-3-Voice-project\acoustic-alert-system\data\raw\09-441-00-028-02.wav,09-441-00-028-02.wav,09-441-00-028-02.wav,288044,True,,48000,1,144000,3.0,WAV,PCM_16,True,09,441,00,028,02,non_fall,48000,5,46800,0.075
C:\Users\USER\Documents\ESP32-S3-BOX-3-Voice-project\acoustic-alert-system\data\raw\09-447-04-038-01.wav,09-447-04-038-01.wav,09-447-04-038-01.wav,288044,True,,48000,1,144000,3.0,WAV,PCM_16,True,09,447,04,038,01,fall,48000,5,46800,0.075
C:\Users\USER\Documents\ESP32-S3-BOX-3-Voice-project\acoustic-alert-system\data\raw\09-452-00-374-02.wav,09-452-00-374-02.wav,09-452-00-374-02.wav,288044,True,,48000,1,144000,3.0,WAV,PCM_16,True,09,452,00,374,02,non_fall,48000,5,46800,0.075
C:\Users\USER\Documents\ESP32-S3-BOX-3-Voice-project\acoustic-alert-system\data\raw\09-454-04-070-01.wav,09-454-04-070-01.wav,09-454-04-070-01.wav,288044,True,,48000,1,144000,3.0,WAV,PCM_16,True,09,454,04,070,01,fall,48000,5,46800,0.075
C:\Users\USER\Documents\ESP32-S3-BOX-3-Voice-project\acoustic-alert-system\data\raw\09-461-00-200-02.wav,09-461-00-200-02.wav,09-461-00-200-02.wav,288044,True,,48000,1,144000,3.0,WAV,PCM_16,True,09,461,00,200,02,non_fall,48000,5,46800,0.075
C:\Users\USER\Documents\ESP32-S3-BOX-3-Voice-project\acoustic-alert-system\data\raw\09-462-00-416-02.wav,09-462-00-416-02.wav,09-462-00-416-02.wav,288044,True,,48000,1,144000,3.0,WAV,PCM_16,True,09,462,00,416,02,non_fall,48000,5,46800,0.075
C:\Users\USER\Documents\ESP32-S3-BOX-3-Voice-project\acoustic-alert-system\data\raw\09-468-00-114-02.wav,09-468-00-114-02.wav,09-468-00-114-02.wav,288044,True,,48000,1,144000,3.0,WAV,PCM_16,True,09,468,00,114,02,non_fall,48000,5,46800,0.075
C:\Users\USER\Documents\ESP32-S3-BOX-3-Voice-project\acoustic-alert-system\data\raw\09-478-02-053-01.wav,09-478-02-053-01.wav,09-478-02-053-01.wav,288044,True,,48000,1,144000,3.0,WAV,PCM_16,True,09,478,02,053,01,fall,48000,5,46800,0.075
C:\Users\USER\Documents\ESP32-S3-BOX-3-Voice-project\acoustic-alert-system\data\raw\09-487-00-408-02.wav,09-487-00-408-02.wav,09-487-00-408-02.wav,288044,True,,48000,1,144000,3.0,WAV,PCM_16,True,09,487,00,408,02,non_fall,48000,5,46800,0.075
C:\Users\USER\Documents\ESP32-S3-BOX-3-Voice-project\acoustic-alert-system\data\raw\09-492-00-422-02.wav,09-492-00-422-02.wav,09-492-00-422-02.wav,288044,True,,48000,1,144000,3.0,WAV,PCM_16,True,09,492,00,422,02,non_fall,48000,5,46800,0.075
C:\Users\USER\Documents\ESP32-S3-BOX-3-Voice-project\acoustic-alert-system\data\raw\09-494-00-456-02.wav,09-494-00-456-02.wav,09-494-00-456-02.wav,288044,True,,48000,1,144000,3.0,WAV,PCM_16,True,09,494,00,456,02,non_fall,48000,5,46800,0.075
C:\Users\USER\Documents\ESP32-S3-BOX-3-Voice-project\acoustic-alert-system\data\raw\09-496-01-011-01.wav,09-496-01-011-01.wav,09-496-01-011-01.wav,288044,True,,48000,1,144000,3.0,WAV,PCM_16,True,09,496,01,011,01,fall,48000,5,46800,0.075
C:\Users\USER\Documents\ESP32-S3-BOX-3-Voice-project\acoustic-alert-system\data\raw\09-498-01-041-01.wav,09-498-01-041-01.wav,09-498-01-041-01.wav,288044,True,,48000,1,144000,3.0,WAV,PCM_16,True,09,498,01,041,01,fall,48000,5,46800,0.075
C:\Users\USER\Documents\ESP32-S3-BOX-3-Voice-project\acoustic-alert-system\data\raw\09-499-06-021-01.wav,09-499-06-021-01.wav,09-499-06-021-01.wav,288044,True,,48000,1,144000,3.0,WAV,PCM_16,True,09,499,06,021,01,fall,48000,5,46800,0.075
C:\Users\USER\Documents\ESP32-S3-BOX-3-Voice-project\acoustic-alert-system\data\raw\09-508-07-033-01.wav,09-508-07-033-01.wav,09-508-07-033-01.wav,288044,True,,48000,1,144000,3.0,WAV,PCM_16,True,09,508,07,033,01,fall,48000,5,46800,0.075
C:\Users\USER\Documents\ESP32-S3-BOX-3-Voice-project\acoustic-alert-system\data\raw\09-518-00-139-02.wav,09-518-00-139-02.wav,09-518-00-139-02.wav,288044,True,,48000,1,144000,3.0,WAV,PCM_16,True,09,518,00,139,02,non_fall,48000,5,46800,0.075
C:\Users\USER\Documents\ESP32-S3-BOX-3-Voice-project\acoustic-alert-system\data\raw\09-524-04-094-01.wav,09-524-04-094-01.wav,09-524-04-094-01.wav,288044,True,,48000,1,144000,3.0,WAV,PCM_16,True,09,524,04,094,01,fall,48000,5,46800,0.075
C:\Users\USER\Documents\ESP32-S3-BOX-3-Voice-project\acoustic-alert-system\data\raw\09-533-00-431-02.wav,09-533-00-431-02.wav,09-533-00-431-02.wav,288044,True,,48000,1,144000,3.0,WAV,PCM_16,True,09,533,00,431,02,non_fall,48000,5,46800,0.075
C:\Users\USER\Documents\ESP32-S3-BOX-3-Voice-project\acoustic-alert-system\data\raw\09-535-05-053-01.wav,09-535-05-053-01.wav,09-535-05-053-01.wav,288044,True,,48000,1,144000,3.0,WAV,PCM_16,True,09,535,05,053,01,fall,48000,5,46800,0.075
C:\Users\USER\Documents\ESP32-S3-BOX-3-Voice-project\acoustic-alert-system\data\raw\09-540-02-092-01.wav,09-540-02-092-01.wav,09-540-02-092-01.wav,288044,True,,48000,1,144000,3.0,WAV,PCM_16,True,09,540,02,092,01,fall,48000,5,46800,0.075
C:\Users\USER\Documents\ESP32-S3-BOX-3-Voice-project\acoustic-alert-system\data\raw\09-545-02-075-01.wav,09-545-02-075-01.wav,09-545-02-075-01.wav,288044,True,,48000,1,144000,3.0,WAV,PCM_16,True,09,545,02,075,01,fall,48000,5,46800,0.075
C:\Users\USER\Documents\ESP32-S3-BOX-3-Voice-project\acoustic-alert-system\data\raw\09-554-00-011-02.wav,09-554-00-011-02.wav,09-554-00-011-02.wav,288044,True,,48000,1,144000,3.0,WAV,PCM_16,True,09,554,00,011,02,non_fall,48000,5,46800,0.075
C:\Users\USER\Documents\ESP32-S3-BOX-3-Voice-project\acoustic-alert-system\data\raw\09-567-00-090-02.wav,09-567-00-090-02.wav,09-567-00-090-02.wav,288044,True,,48000,1,144000,3.0,WAV,PCM_16,True,09,567,00,090,02,non_fall,48000,5,46800,0.075
C:\Users\USER\Documents\ESP32-S3-BOX-3-Voice-project\acoustic-alert-system\data\raw\09-574-04-085-01.wav,09-574-04-085-01.wav,09-574-04-085-01.wav,288044,True,,48000,1,144000,3.0,WAV,PCM_16,True,09,574,04,085,01,fall,48000,5,46800,0.075
C:\Users\USER\Documents\ESP32-S3-BOX-3-Voice-project\acoustic-alert-system\data\raw\09-581-00-040-02.wav,09-581-00-040-02.wav,09-581-00-040-02.wav,288044,True,,48000,1,144000,3.0,WAV,PCM_16,True,09,581,00,040,02,non_fall,48000,5,46800,0.075
C:\Users\USER\Documents\ESP32-S3-BOX-3-Voice-project\acoustic-alert-system\data\raw\09-583-04-022-01.wav,09-583-04-022-01.wav,09-583-04-022-01.wav,288044,True,,48000,1,144000,3.0,WAV,PCM_16,True,09,583,04,022,01,fall,48000,5,46800,0.075
C:\Users\USER\Documents\ESP32-S3-BOX-3-Voice-project\acoustic-alert-system\data\raw\09-586-02-026-01.wav,09-586-02-026-01.wav,09-586-02-026-01.wav,288044,True,,48000,1,144000,3.0,WAV,PCM_16,True,09,586,02,026,01,fall,48000,5,46800,0.075
C:\Users\USER\Documents\ESP32-S3-BOX-3-Voice-project\acoustic-alert-system\data\raw\09-601-07-039-01.wav,09-601-07-039-01.wav,09-601-07-039-01.wav,288044,True,,48000,1,144000,3.0,WAV,PCM_16,True,09,601,07,039,01,fall,48000,5,46800,0.075
C:\Users\USER\Documents\ESP32-S3-BOX-3-Voice-project\acoustic-alert-system\data\raw\09-611-00-053-02.wav,09-611-00-053-02.wav,09-611-00-053-02.wav,288044,True,,48000,1,144000,3.0,WAV,PCM_16,True,09,611,00,053,02,non_fall,48000,5,46800,0.075
C:\Users\USER\Documents\ESP32-S3-BOX-3-Voice-project\acoustic-alert-system\data\raw\09-613-00-183-02.wav,09-613-00-183-02.wav,09-613-00-183-02.wav,288044,True,,48000,1,144000,3.0,WAV,PCM_16,True,09,613,00,183,02,non_fall,48000,5,46800,0.075
C:\Users\USER\Documents\ESP32-S3-BOX-3-Voice-project\acoustic-alert-system\data\raw\09-615-00-245-02.wav,09-615-00-245-02.wav,09-615-00-245-02.wav,288044,True,,48000,1,144000,3.0,WAV,PCM_16,True,09,615,00,245,02,non_fall,48000,5,46800,0.075
C:\Users\USER\Documents\ESP32-S3-BOX-3-Voice-project\acoustic-alert-system\data\raw\09-617-01-036-01.wav,09-617-01-036-01.wav,09-617-01-036-01.wav,288044,True,,48000,1,144000,3.0,WAV,PCM_16,True,09,617,01,036,01,fall,48000,5,46800,0.075
C:\Users\USER\Documents\ESP32-S3-BOX-3-Voice-project\acoustic-alert-system\data\raw\09-623-00-131-02.wav,09-623-00-131-02.wav,09-623-00-131-02.wav,288044,True,,48000,1,144000,3.0,WAV,PCM_16,True,09,623,00,131,02,non_fall,48000,5,46800,0.075
C:\Users\USER\Documents\ESP32-S3-BOX-3-Voice-project\acoustic-alert-system\data\raw\09-640-05-010-01.wav,09-640-05-010-01.wav,09-640-05-010-01.wav,288044,True,,48000,1,144000,3.0,WAV,PCM_16,True,09,640,05,010,01,fall,48000,5,46800,0.075
C:\Users\USER\Documents\ESP32-S3-BOX-3-Voice-project\acoustic-alert-system\data\raw\09-648-00-035-02.wav,09-648-00-035-02.wav,09-648-00-035-02.wav,288044,True,,48000,1,144000,3.0,WAV,PCM_16,True,09,648,00,035,02,non_fall,48000,5,46800,0.075
C:\Users\USER\Documents\ESP32-S3-BOX-3-Voice-project\acoustic-alert-system\data\raw\09-657-00-424-02.wav,09-657-00-424-02.wav,09-657-00-424-02.wav,288044,True,,48000,1,144000,3.0,WAV,PCM_16,True,09,657,00,424,02,non_fall,48000,5,46800,0.075
C:\Users\USER\Documents\ESP32-S3-BOX-3-Voice-project\acoustic-alert-system\data\raw\09-660-07-002-01.wav,09-660-07-002-01.wav,09-660-07-002-01.wav,288044,True,,48000,1,144000,3.0,WAV,PCM_16,True,09,660,07,002,01,fall,48000,5,46800,0.075
C:\Users\USER\Documents\ESP32-S3-BOX-3-Voice-project\acoustic-alert-system\data\raw\09-671-02-098-01.wav,09-671-02-098-01.wav,09-671-02-098-01.wav,288044,True,,48000,1,144000,3.0,WAV,PCM_16,True,09,671,02,098,01,fall,48000,5,46800,0.075
C:\Users\USER\Documents\ESP32-S3-BOX-3-Voice-project\acoustic-alert-system\data\raw\09-685-00-119-02.wav,09-685-00-119-02.wav,09-685-00-119-02.wav,288044,True,,48000,1,144000,3.0,WAV,PCM_16,True,09,685,00,119,02,non_fall,48000,5,46800,0.075
C:\Users\USER\Documents\ESP32-S3-BOX-3-Voice-project\acoustic-alert-system\data\raw\09-689-05-064-01.wav,09-689-05-064-01.wav,09-689-05-064-01.wav,288044,True,,48000,1,144000,3.0,WAV,PCM_16,True,09,689,05,064,01,fall,48000,5,46800,0.075
C:\Users\USER\Documents\ESP32-S3-BOX-3-Voice-project\acoustic-alert-system\data\raw\09-695-00-240-02.wav,09-695-00-240-02.wav,09-695-00-240-02.wav,288044,True,,48000,1,144000,3.0,WAV,PCM_16,True,09,695,00,240,02,non_fall,48000,5,46800,0.075
C:\Users\USER\Documents\ESP32-S3-BOX-3-Voice-project\acoustic-alert-system\data\raw\09-713-06-020-01.wav,09-713-06-020-01.wav,09-713-06-020-01.wav,288044,True,,48000,1,144000,3.0,WAV,PCM_16,True,09,713,06,020,01,fall,48000,5,46800,0.075
C:\Users\USER\Documents\ESP32-S3-BOX-3-Voice-project\acoustic-alert-system\data\raw\09-716-02-020-01.wav,09-716-02-020-01.wav,09-716-02-020-01.wav,288044,True,,48000,1,144000,3.0,WAV,PCM_16,True,09,716,02,020,01,fall,48000,5,46800,0.075
C:\Users\USER\Documents\ESP32-S3-BOX-3-Voice-project\acoustic-alert-system\data\raw\09-758-05-024-01.wav,09-758-05-024-01.wav,09-758-05-024-01.wav,288044,True,,48000,1,144000,3.0,WAV,PCM_16,True,09,758,05,024,01,fall,48000,5,46800,0.075
C:\Users\USER\Documents\ESP32-S3-BOX-3-Voice-project\acoustic-alert-system\data\raw\09-766-00-022-02.wav,09-766-00-022-02.wav,09-766-00-022-02.wav,288044,True,,48000,1,144000,3.0,WAV,PCM_16,True,09,766,00,022,02,non_fall,48000,5,46800,0.075
C:\Users\USER\Documents\ESP32-S3-BOX-3-Voice-project\acoustic-alert-system\data\raw\09-775-00-345-02.wav,09-775-00-345-02.wav,09-775-00-345-02.wav,288044,True,,48000,1,144000,3.0,WAV,PCM_16,True,09,775,00,345,02,non_fall,48000,5,46800,0.075
C:\Users\USER\Documents\ESP32-S3-BOX-3-Voice-project\acoustic-alert-system\data\raw\09-790-00-274-02.wav,09-790-00-274-02.wav,09-790-00-274-02.wav,288044,True,,48000,1,144000,3.0,WAV,PCM_16,True,09,790,00,274,02,non_fall,48000,5,46800,0.075
C:\Users\USER\Documents\ESP32-S3-BOX-3-Voice-project\acoustic-alert-system\data\raw\09-794-00-439-02.wav,09-794-00-439-02.wav,09-794-00-439-02.wav,288044,True,,48000,1,144000,3.0,WAV,PCM_16,True,09,794,00,439,02,non_fall,48000,5,46800,0.075
C:\Users\USER\Documents\ESP32-S3-BOX-3-Voice-project\acoustic-alert-system\data\raw\09-812-05-035-01.wav,09-812-05-035-01.wav,09-812-05-035-01.wav,288044,True,,48000,1,144000,3.0,WAV,PCM_16,True,09,812,05,035,01,fall,48000,5,46800,0.075
C:\Users\USER\Documents\ESP32-S3-BOX-3-Voice-project\acoustic-alert-system\data\raw\09-814-02-118-01.wav,09-814-02-118-01.wav,09-814-02-118-01.wav,288044,True,,48000,1,144000,3.0,WAV,PCM_16,True,09,814,02,118,01,fall,48000,5,46800,0.075
C:\Users\USER\Documents\ESP32-S3-BOX-3-Voice-project\acoustic-alert-system\data\raw\09-815-00-192-02.wav,09-815-00-192-02.wav,09-815-00-192-02.wav,288044,True,,48000,1,144000,3.0,WAV,PCM_16,True,09,815,00,192,02,non_fall,48000,5,46800,0.075
C:\Users\USER\Documents\ESP32-S3-BOX-3-Voice-project\acoustic-alert-system\data\raw\09-817-02-056-01.wav,09-817-02-056-01.wav,09-817-02-056-01.wav,288044,True,,48000,1,144000,3.0,WAV,PCM_16,True,09,817,02,056,01,fall,48000,5,46800,0.075
C:\Users\USER\Documents\ESP32-S3-BOX-3-Voice-project\acoustic-alert-system\data\raw\09-820-02-018-01.wav,09-820-02-018-01.wav,09-820-02-018-01.wav,288044,True,,48000,1,144000,3.0,WAV,PCM_16,True,09,820,02,018,01,fall,48000,5,46800,0.075
C:\Users\USER\Documents\ESP32-S3-BOX-3-Voice-project\acoustic-alert-system\data\raw\09-833-04-035-01.wav,09-833-04-035-01.wav,09-833-04-035-01.wav,288044,True,,48000,1,144000,3.0,WAV,PCM_16,True,09,833,04,035,01,fall,48000,5,46800,0.075
C:\Users\USER\Documents\ESP32-S3-BOX-3-Voice-project\acoustic-alert-system\data\raw\09-834-07-013-01.wav,09-834-07-013-01.wav,09-834-07-013-01.wav,288044,True,,48000,1,144000,3.0,WAV,PCM_16,True,09,834,07,013,01,fall,48000,5,46800,0.075
C:\Users\USER\Documents\ESP32-S3-BOX-3-Voice-project\acoustic-alert-system\data\raw\09-835-01-017-01.wav,09-835-01-017-01.wav,09-835-01-017-01.wav,288044,True,,48000,1,144000,3.0,WAV,PCM_16,True,09,835,01,017,01,fall,48000,5,46800,0.075
C:\Users\USER\Documents\ESP32-S3-BOX-3-Voice-project\acoustic-alert-system\data\raw\09-842-06-008-01.wav,09-842-06-008-01.wav,09-842-06-008-01.wav,288044,True,,48000,1,144000,3.0,WAV,PCM_16,True,09,842,06,008,01,fall,48000,5,46800,0.075
C:\Users\USER\Documents\ESP32-S3-BOX-3-Voice-project\acoustic-alert-system\data\raw\09-863-00-100-02.wav,09-863-00-100-02.wav,09-863-00-100-02.wav,288044,True,,48000,1,144000,3.0,WAV,PCM_16,True,09,863,00,100,02,non_fall,48000,5,46800,0.075
C:\Users\USER\Documents\ESP32-S3-BOX-3-Voice-project\acoustic-alert-system\data\raw\09-894-00-436-02.wav,09-894-00-436-02.wav,09-894-00-436-02.wav,288044,True,,48000,1,144000,3.0,WAV,PCM_16,True,09,894,00,436,02,non_fall,48000,5,46800,0.075
C:\Users\USER\Documents\ESP32-S3-BOX-3-Voice-project\acoustic-alert-system\data\raw\09-897-00-199-02.wav,09-897-00-199-02.wav,09-897-00-199-02.wav,288044,True,,48000,1,144000,3.0,WAV,PCM_16,True,09,897,00,199,02,non_fall,48000,5,46800,0.075
C:\Users\USER\Documents\ESP32-S3-BOX-3-Voice-project\acoustic-alert-system\data\raw\09-925-04-095-01.wav,09-925-04-095-01.wav,09-925-04-095-01.wav,288044,True,,48000,1,144000,3.0,WAV,PCM_16,True,09,925,04,095,01,fall,48000,5,46800,0.075
C:\Users\USER\Documents\ESP32-S3-BOX-3-Voice-project\acoustic-alert-system\data\raw\10-005-00-284-02.wav,10-005-00-284-02.wav,10-005-00-284-02.wav,288044,True,,48000,1,144000,3.0,WAV,PCM_16,True,10,005,00,284,02,non_fall,48000,5,46800,0.075
C:\Users\USER\Documents\ESP32-S3-BOX-3-Voice-project\acoustic-alert-system\data\raw\10-021-06-011-01.wav,10-021-06-011-01.wav,10-021-06-011-01.wav,288044,True,,48000,1,144000,3.0,WAV,PCM_16,True,10,021,06,011,01,fall,48000,5,46800,0.075
C:\Users\USER\Documents\ESP32-S3-BOX-3-Voice-project\acoustic-alert-system\data\raw\10-055-00-315-02.wav,10-055-00-315-02.wav,10-055-00-315-02.wav,288044,True,,48000,1,144000,3.0,WAV,PCM_16,True,10,055,00,315,02,non_fall,48000,5,46800,0.075
C:\Users\USER\Documents\ESP32-S3-BOX-3-Voice-project\acoustic-alert-system\data\raw\10-070-00-117-02.wav,10-070-00-117-02.wav,10-070-00-117-02.wav,288044,True,,48000,1,144000,3.0,WAV,PCM_16,True,10,070,00,117,02,non_fall,48000,5,46800,0.075
C:\Users\USER\Documents\ESP32-S3-BOX-3-Voice-project\acoustic-alert-system\data\raw\10-072-00-141-02.wav,10-072-00-141-02.wav,10-072-00-141-02.wav,288044,True,,48000,1,144000,3.0,WAV,PCM_16,True,10,072,00,141,02,non_fall,48000,5,46800,0.075
C:\Users\USER\Documents\ESP32-S3-BOX-3-Voice-project\acoustic-alert-system\data\raw\10-105-06-010-01.wav,10-105-06-010-01.wav,10-105-06-010-01.wav,288044,True,,48000,1,144000,3.0,WAV,PCM_16,True,10,105,06,010,01,fall,48000,5,46800,0.075
C:\Users\USER\Documents\ESP32-S3-BOX-3-Voice-project\acoustic-alert-system\data\raw\10-106-00-396-02.wav,10-106-00-396-02.wav,10-106-00-396-02.wav,288044,True,,48000,1,144000,3.0,WAV,PCM_16,True,10,106,00,396,02,non_fall,48000,5,46800,0.075
C:\Users\USER\Documents\ESP32-S3-BOX-3-Voice-project\acoustic-alert-system\data\raw\10-118-04-003-01.wav,10-118-04-003-01.wav,10-118-04-003-01.wav,288044,True,,48000,1,144000,3.0,WAV,PCM_16,True,10,118,04,003,01,fall,48000,5,46800,0.075
C:\Users\USER\Documents\ESP32-S3-BOX-3-Voice-project\acoustic-alert-system\data\raw\10-119-05-056-01.wav,10-119-05-056-01.wav,10-119-05-056-01.wav,288044,True,,48000,1,144000,3.0,WAV,PCM_16,True,10,119,05,056,01,fall,48000,5,46800,0.075
C:\Users\USER\Documents\ESP32-S3-BOX-3-Voice-project\acoustic-alert-system\data\raw\10-123-00-174-02.wav,10-123-00-174-02.wav,10-123-00-174-02.wav,288044,True,,48000,1,144000,3.0,WAV,PCM_16,True,10,123,00,174,02,non_fall,48000,5,46800,0.075
C:\Users\USER\Documents\ESP32-S3-BOX-3-Voice-project\acoustic-alert-system\data\raw\10-131-00-317-02.wav,10-131-00-317-02.wav,10-131-00-317-02.wav,288044,True,,48000,1,144000,3.0,WAV,PCM_16,True,10,131,00,317,02,non_fall,48000,5,46800,0.075
C:\Users\USER\Documents\ESP32-S3-BOX-3-Voice-project\acoustic-alert-system\data\raw\10-181-05-079-01.wav,10-181-05-079-01.wav,10-181-05-079-01.wav,288044,True,,48000,1,144000,3.0,WAV,PCM_16,True,10,181,05,079,01,fall,48000,5,46800,0.075
C:\Users\USER\Documents\ESP32-S3-BOX-3-Voice-project\acoustic-alert-system\data\raw\10-189-00-143-02.wav,10-189-00-143-02.wav,10-189-00-143-02.wav,288044,True,,48000,1,144000,3.0,WAV,PCM_16,True,10,189,00,143,02,non_fall,48000,5,46800,0.075
C:\Users\USER\Documents\ESP32-S3-BOX-3-Voice-project\acoustic-alert-system\data\raw\10-194-00-158-02.wav,10-194-00-158-02.wav,10-194-00-158-02.wav,288044,True,,48000,1,144000,3.0,WAV,PCM_16,True,10,194,00,158,02,non_fall,48000,5,46800,0.075
C:\Users\USER\Documents\ESP32-S3-BOX-3-Voice-project\acoustic-alert-system\data\raw\10-210-04-028-01.wav,10-210-04-028-01.wav,10-210-04-028-01.wav,288044,True,,48000,1,144000,3.0,WAV,PCM_16,True,10,210,04,028,01,fall,48000,5,46800,0.075
C:\Users\USER\Documents\ESP32-S3-BOX-3-Voice-project\acoustic-alert-system\data\raw\10-221-02-122-01.wav,10-221-02-122-01.wav,10-221-02-122-01.wav,288044,True,,48000,1,144000,3.0,WAV,PCM_16,True,10,221,02,122,01,fall,48000,5,46800,0.075
C:\Users\USER\Documents\ESP32-S3-BOX-3-Voice-project\acoustic-alert-system\data\raw\10-241-00-327-02.wav,10-241-00-327-02.wav,10-241-00-327-02.wav,288044,True,,48000,1,144000,3.0,WAV,PCM_16,True,10,241,00,327,02,non_fall,48000,5,46800,0.075
C:\Users\USER\Documents\ESP32-S3-BOX-3-Voice-project\acoustic-alert-system\data\raw\10-259-00-244-02.wav,10-259-00-244-02.wav,10-259-00-244-02.wav,288044,True,,48000,1,144000,3.0,WAV,PCM_16,True,10,259,00,244,02,non_fall,48000,5,46800,0.075
C:\Users\USER\Documents\ESP32-S3-BOX-3-Voice-project\acoustic-alert-system\data\raw\10-273-00-252-02.wav,10-273-00-252-02.wav,10-273-00-252-02.wav,288044,True,,48000,1,144000,3.0,WAV,PCM_16,True,10,273,00,252,02,non_fall,48000,5,46800,0.075
C:\Users\USER\Documents\ESP32-S3-BOX-3-Voice-project\acoustic-alert-system\data\raw\10-277-00-159-02.wav,10-277-00-159-02.wav,10-277-00-159-02.wav,288044,True,,48000,1,144000,3.0,WAV,PCM_16,True,10,277,00,159,02,non_fall,48000,5,46800,0.075
C:\Users\USER\Documents\ESP32-S3-BOX-3-Voice-project\acoustic-alert-system\data\raw\10-281-00-197-02.wav,10-281-00-197-02.wav,10-281-00-197-02.wav,288044,True,,48000,1,144000,3.0,WAV,PCM_16,True,10,281,00,197,02,non_fall,48000,5,46800,0.075
C:\Users\USER\Documents\ESP32-S3-BOX-3-Voice-project\acoustic-alert-system\data\raw\10-298-05-069-01.wav,10-298-05-069-01.wav,10-298-05-069-01.wav,288044,True,,48000,1,144000,3.0,WAV,PCM_16,True,10,298,05,069,01,fall,48000,5,46800,0.075
C:\Users\USER\Documents\ESP32-S3-BOX-3-Voice-project\acoustic-alert-system\data\raw\10-299-00-438-02.wav,10-299-00-438-02.wav,10-299-00-438-02.wav,288044,True,,48000,1,144000,3.0,WAV,PCM_16,True,10,299,00,438,02,non_fall,48000,5,46800,0.075
C:\Users\USER\Documents\ESP32-S3-BOX-3-Voice-project\acoustic-alert-system\data\raw\10-301-00-140-02.wav,10-301-00-140-02.wav,10-301-00-140-02.wav,288044,True,,48000,1,144000,3.0,WAV,PCM_16,True,10,301,00,140,02,non_fall,48000,5,46800,0.075
C:\Users\USER\Documents\ESP32-S3-BOX-3-Voice-project\acoustic-alert-system\data\raw\10-304-05-052-01.wav,10-304-05-052-01.wav,10-304-05-052-01.wav,288044,True,,48000,1,144000,3.0,WAV,PCM_16,True,10,304,05,052,01,fall,48000,5,46800,0.075
C:\Users\USER\Documents\ESP32-S3-BOX-3-Voice-project\acoustic-alert-system\data\raw\10-311-01-020-01.wav,10-311-01-020-01.wav,10-311-01-020-01.wav,288044,True,,48000,1,144000,3.0,WAV,PCM_16,True,10,311,01,020,01,fall,48000,5,46800,0.075
C:\Users\USER\Documents\ESP32-S3-BOX-3-Voice-project\acoustic-alert-system\data\raw\10-315-04-040-01.wav,10-315-04-040-01.wav,10-315-04-040-01.wav,288044,True,,48000,1,144000,3.0,WAV,PCM_16,True,10,315,04,040,01,fall,48000,5,46800,0.075
C:\Users\USER\Documents\ESP32-S3-BOX-3-Voice-project\acoustic-alert-system\data\raw\10-327-00-269-02.wav,10-327-00-269-02.wav,10-327-00-269-02.wav,288044,True,,48000,1,144000,3.0,WAV,PCM_16,True,10,327,00,269,02,non_fall,48000,5,46800,0.075
C:\Users\USER\Documents\ESP32-S3-BOX-3-Voice-project\acoustic-alert-system\data\raw\10-338-03-007-01.wav,10-338-03-007-01.wav,10-338-03-007-01.wav,288044,True,,48000,1,144000,3.0,WAV,PCM_16,True,10,338,03,007,01,fall,48000,5,46800,0.075
C:\Users\USER\Documents\ESP32-S3-BOX-3-Voice-project\acoustic-alert-system\data\raw\10-344-00-009-02.wav,10-344-00-009-02.wav,10-344-00-009-02.wav,288044,True,,48000,1,144000,3.0,WAV,PCM_16,True,10,344,00,009,02,non_fall,48000,5,46800,0.075
C:\Users\USER\Documents\ESP32-S3-BOX-3-Voice-project\acoustic-alert-system\data\raw\10-347-05-005-01.wav,10-347-05-005-01.wav,10-347-05-005-01.wav,288044,True,,48000,1,144000,3.0,WAV,PCM_16,True,10,347,05,005,01,fall,48000,5,46800,0.075
C:\Users\USER\Documents\ESP32-S3-BOX-3-Voice-project\acoustic-alert-system\data\raw\10-353-00-367-02.wav,10-353-00-367-02.wav,10-353-00-367-02.wav,288044,True,,48000,1,144000,3.0,WAV,PCM_16,True,10,353,00,367,02,non_fall,48000,5,46800,0.075
C:\Users\USER\Documents\ESP32-S3-BOX-3-Voice-project\acoustic-alert-system\data\raw\10-357-00-443-02.wav,10-357-00-443-02.wav,10-357-00-443-02.wav,288044,True,,48000,1,144000,3.0,WAV,PCM_16,True,10,357,00,443,02,non_fall,48000,5,46800,0.075
C:\Users\USER\Documents\ESP32-S3-BOX-3-Voice-project\acoustic-alert-system\data\raw\10-365-00-116-02.wav,10-365-00-116-02.wav,10-365-00-116-02.wav,288044,True,,48000,1,144000,3.0,WAV,PCM_16,True,10,365,00,116,02,non_fall,48000,5,46800,0.075
C:\Users\USER\Documents\ESP32-S3-BOX-3-Voice-project\acoustic-alert-system\data\raw\10-375-02-038-01.wav,10-375-02-038-01.wav,10-375-02-038-01.wav,288044,True,,48000,1,144000,3.0,WAV,PCM_16,True,10,375,02,038,01,fall,48000,5,46800,0.075
C:\Users\USER\Documents\ESP32-S3-BOX-3-Voice-project\acoustic-alert-system\data\raw\10-380-01-015-01.wav,10-380-01-015-01.wav,10-380-01-015-01.wav,288044,True,,48000,1,144000,3.0,WAV,PCM_16,True,10,380,01,015,01,fall,48000,5,46800,0.075
C:\Users\USER\Documents\ESP32-S3-BOX-3-Voice-project\acoustic-alert-system\data\raw\10-394-00-328-02.wav,10-394-00-328-02.wav,10-394-00-328-02.wav,288044,True,,48000,1,144000,3.0,WAV,PCM_16,True,10,394,00,328,02,non_fall,48000,5,46800,0.075
C:\Users\USER\Documents\ESP32-S3-BOX-3-Voice-project\acoustic-alert-system\data\raw\10-428-00-170-02.wav,10-428-00-170-02.wav,10-428-00-170-02.wav,288044,True,,48000,1,144000,3.0,WAV,PCM_16,True,10,428,00,170,02,non_fall,48000,5,46800,0.075
C:\Users\USER\Documents\ESP32-S3-BOX-3-Voice-project\acoustic-alert-system\data\raw\10-433-00-312-02.wav,10-433-00-312-02.wav,10-433-00-312-02.wav,288044,True,,48000,1,144000,3.0,WAV,PCM_16,True,10,433,00,312,02,non_fall,48000,5,46800,0.075
C:\Users\USER\Documents\ESP32-S3-BOX-3-Voice-project\acoustic-alert-system\data\raw\10-435-00-161-02.wav,10-435-00-161-02.wav,10-435-00-161-02.wav,288044,True,,48000,1,144000,3.0,WAV,PCM_16,True,10,435,00,161,02,non_fall,48000,5,46800,0.075
C:\Users\USER\Documents\ESP32-S3-BOX-3-Voice-project\acoustic-alert-system\data\raw\10-439-00-459-02.wav,10-439-00-459-02.wav,10-439-00-459-02.wav,288044,True,,48000,1,144000,3.0,WAV,PCM_16,True,10,439,00,459,02,non_fall,48000,5,46800,0.075
C:\Users\USER\Documents\ESP32-S3-BOX-3-Voice-project\acoustic-alert-system\data\raw\10-442-06-004-01.wav,10-442-06-004-01.wav,10-442-06-004-01.wav,288044,True,,48000,1,144000,3.0,WAV,PCM_16,True,10,442,06,004,01,fall,48000,5,46800,0.075
C:\Users\USER\Documents\ESP32-S3-BOX-3-Voice-project\acoustic-alert-system\data\raw\10-479-00-082-02.wav,10-479-00-082-02.wav,10-479-00-082-02.wav,288044,True,,48000,1,144000,3.0,WAV,PCM_16,True,10,479,00,082,02,non_fall,48000,5,46800,0.075
C:\Users\USER\Documents\ESP32-S3-BOX-3-Voice-project\acoustic-alert-system\data\raw\10-486-00-189-02.wav,10-486-00-189-02.wav,10-486-00-189-02.wav,288044,True,,48000,1,144000,3.0,WAV,PCM_16,True,10,486,00,189,02,non_fall,48000,5,46800,0.075
C:\Users\USER\Documents\ESP32-S3-BOX-3-Voice-project\acoustic-alert-system\data\raw\10-493-00-212-02.wav,10-493-00-212-02.wav,10-493-00-212-02.wav,288044,True,,48000,1,144000,3.0,WAV,PCM_16,True,10,493,00,212,02,non_fall,48000,5,46800,0.075
C:\Users\USER\Documents\ESP32-S3-BOX-3-Voice-project\acoustic-alert-system\data\raw\10-516-00-021-02.wav,10-516-00-021-02.wav,10-516-00-021-02.wav,288044,True,,48000,1,144000,3.0,WAV,PCM_16,True,10,516,00,021,02,non_fall,48000,5,46800,0.075
C:\Users\USER\Documents\ESP32-S3-BOX-3-Voice-project\acoustic-alert-system\data\raw\10-519-00-050-02.wav,10-519-00-050-02.wav,10-519-00-050-02.wav,288044,True,,48000,1,144000,3.0,WAV,PCM_16,True,10,519,00,050,02,non_fall,48000,5,46800,0.075
C:\Users\USER\Documents\ESP32-S3-BOX-3-Voice-project\acoustic-alert-system\data\raw\10-531-00-318-02.wav,10-531-00-318-02.wav,10-531-00-318-02.wav,288044,True,,48000,1,144000,3.0,WAV,PCM_16,True,10,531,00,318,02,non_fall,48000,5,46800,0.075
C:\Users\USER\Documents\ESP32-S3-BOX-3-Voice-project\acoustic-alert-system\data\raw\10-543-05-032-01.wav,10-543-05-032-01.wav,10-543-05-032-01.wav,288044,True,,48000,1,144000,3.0,WAV,PCM_16,True,10,543,05,032,01,fall,48000,5,46800,0.075
C:\Users\USER\Documents\ESP32-S3-BOX-3-Voice-project\acoustic-alert-system\data\raw\10-547-05-036-01.wav,10-547-05-036-01.wav,10-547-05-036-01.wav,288044,True,,48000,1,144000,3.0,WAV,PCM_16,True,10,547,05,036,01,fall,48000,5,46800,0.075
C:\Users\USER\Documents\ESP32-S3-BOX-3-Voice-project\acoustic-alert-system\data\raw\10-549-04-010-01.wav,10-549-04-010-01.wav,10-549-04-010-01.wav,288044,True,,48000,1,144000,3.0,WAV,PCM_16,True,10,549,04,010,01,fall,48000,5,46800,0.075
C:\Users\USER\Documents\ESP32-S3-BOX-3-Voice-project\acoustic-alert-system\data\raw\10-550-00-078-02.wav,10-550-00-078-02.wav,10-550-00-078-02.wav,288044,True,,48000,1,144000,3.0,WAV,PCM_16,True,10,550,00,078,02,non_fall,48000,5,46800,0.075
C:\Users\USER\Documents\ESP32-S3-BOX-3-Voice-project\acoustic-alert-system\data\raw\10-568-02-117-01.wav,10-568-02-117-01.wav,10-568-02-117-01.wav,288044,True,,48000,1,144000,3.0,WAV,PCM_16,True,10,568,02,117,01,fall,48000,5,46800,0.075
C:\Users\USER\Documents\ESP32-S3-BOX-3-Voice-project\acoustic-alert-system\data\raw\10-570-00-455-02.wav,10-570-00-455-02.wav,10-570-00-455-02.wav,288044,True,,48000,1,144000,3.0,WAV,PCM_16,True,10,570,00,455,02,non_fall,48000,5,46800,0.075
C:\Users\USER\Documents\ESP32-S3-BOX-3-Voice-project\acoustic-alert-system\data\raw\10-587-00-242-02.wav,10-587-00-242-02.wav,10-587-00-242-02.wav,288044,True,,48000,1,144000,3.0,WAV,PCM_16,True,10,587,00,242,02,non_fall,48000,5,46800,0.075
C:\Users\USER\Documents\ESP32-S3-BOX-3-Voice-project\acoustic-alert-system\data\raw\10-593-00-176-02.wav,10-593-00-176-02.wav,10-593-00-176-02.wav,288044,True,,48000,1,144000,3.0,WAV,PCM_16,True,10,593,00,176,02,non_fall,48000,5,46800,0.075
C:\Users\USER\Documents\ESP32-S3-BOX-3-Voice-project\acoustic-alert-system\data\raw\10-626-02-046-01.wav,10-626-02-046-01.wav,10-626-02-046-01.wav,288044,True,,48000,1,144000,3.0,WAV,PCM_16,True,10,626,02,046,01,fall,48000,5,46800,0.075
C:\Users\USER\Documents\ESP32-S3-BOX-3-Voice-project\acoustic-alert-system\data\raw\10-628-00-210-02.wav,10-628-00-210-02.wav,10-628-00-210-02.wav,288044,True,,48000,1,144000,3.0,WAV,PCM_16,True,10,628,00,210,02,non_fall,48000,5,46800,0.075
C:\Users\USER\Documents\ESP32-S3-BOX-3-Voice-project\acoustic-alert-system\data\raw\10-633-01-014-01.wav,10-633-01-014-01.wav,10-633-01-014-01.wav,288044,True,,48000,1,144000,3.0,WAV,PCM_16,True,10,633,01,014,01,fall,48000,5,46800,0.075
C:\Users\USER\Documents\ESP32-S3-BOX-3-Voice-project\acoustic-alert-system\data\raw\10-637-02-016-01.wav,10-637-02-016-01.wav,10-637-02-016-01.wav,288044,True,,48000,1,144000,3.0,WAV,PCM_16,True,10,637,02,016,01,fall,48000,5,46800,0.075
C:\Users\USER\Documents\ESP32-S3-BOX-3-Voice-project\acoustic-alert-system\data\raw\10-641-02-111-01.wav,10-641-02-111-01.wav,10-641-02-111-01.wav,288044,True,,48000,1,144000,3.0,WAV,PCM_16,True,10,641,02,111,01,fall,48000,5,46800,0.075
C:\Users\USER\Documents\ESP32-S3-BOX-3-Voice-project\acoustic-alert-system\data\raw\10-642-00-098-02.wav,10-642-00-098-02.wav,10-642-00-098-02.wav,288044,True,,48000,1,144000,3.0,WAV,PCM_16,True,10,642,00,098,02,non_fall,48000,5,46800,0.075
C:\Users\USER\Documents\ESP32-S3-BOX-3-Voice-project\acoustic-alert-system\data\raw\10-650-07-001-01.wav,10-650-07-001-01.wav,10-650-07-001-01.wav,288044,True,,48000,1,144000,3.0,WAV,PCM_16,True,10,650,07,001,01,fall,48000,5,46800,0.075
C:\Users\USER\Documents\ESP32-S3-BOX-3-Voice-project\acoustic-alert-system\data\raw\10-654-05-038-01.wav,10-654-05-038-01.wav,10-654-05-038-01.wav,288044,True,,48000,1,144000,3.0,WAV,PCM_16,True,10,654,05,038,01,fall,48000,5,46800,0.075
C:\Users\USER\Documents\ESP32-S3-BOX-3-Voice-project\acoustic-alert-system\data\raw\10-662-04-056-01.wav,10-662-04-056-01.wav,10-662-04-056-01.wav,288044,True,,48000,1,144000,3.0,WAV,PCM_16,True,10,662,04,056,01,fall,48000,5,46800,0.075
C:\Users\USER\Documents\ESP32-S3-BOX-3-Voice-project\acoustic-alert-system\data\raw\10-664-00-457-02.wav,10-664-00-457-02.wav,10-664-00-457-02.wav,288044,True,,48000,1,144000,3.0,WAV,PCM_16,True,10,664,00,457,02,non_fall,48000,5,46800,0.075
C:\Users\USER\Documents\ESP32-S3-BOX-3-Voice-project\acoustic-alert-system\data\raw\10-682-07-051-01.wav,10-682-07-051-01.wav,10-682-07-051-01.wav,288044,True,,48000,1,144000,3.0,WAV,PCM_16,True,10,682,07,051,01,fall,48000,5,46800,0.075
C:\Users\USER\Documents\ESP32-S3-BOX-3-Voice-project\acoustic-alert-system\data\raw\10-683-00-027-02.wav,10-683-00-027-02.wav,10-683-00-027-02.wav,288044,True,,48000,1,144000,3.0,WAV,PCM_16,True,10,683,00,027,02,non_fall,48000,5,46800,0.075
C:\Users\USER\Documents\ESP32-S3-BOX-3-Voice-project\acoustic-alert-system\data\raw\10-687-07-047-01.wav,10-687-07-047-01.wav,10-687-07-047-01.wav,288044,True,,48000,1,144000,3.0,WAV,PCM_16,True,10,687,07,047,01,fall,48000,5,46800,0.075
C:\Users\USER\Documents\ESP32-S3-BOX-3-Voice-project\acoustic-alert-system\data\raw\10-712-05-019-01.wav,10-712-05-019-01.wav,10-712-05-019-01.wav,288044,True,,48000,1,144000,3.0,WAV,PCM_16,True,10,712,05,019,01,fall,48000,5,46800,0.075
C:\Users\USER\Documents\ESP32-S3-BOX-3-Voice-project\acoustic-alert-system\data\raw\10-721-00-024-02.wav,10-721-00-024-02.wav,10-721-00-024-02.wav,288044,True,,48000,1,144000,3.0,WAV,PCM_16,True,10,721,00,024,02,non_fall,48000,5,46800,0.075
C:\Users\USER\Documents\ESP32-S3-BOX-3-Voice-project\acoustic-alert-system\data\raw\10-724-00-171-02.wav,10-724-00-171-02.wav,10-724-00-171-02.wav,288044,True,,48000,1,144000,3.0,WAV,PCM_16,True,10,724,00,171,02,non_fall,48000,5,46800,0.075
C:\Users\USER\Documents\ESP32-S3-BOX-3-Voice-project\acoustic-alert-system\data\raw\10-751-00-064-02.wav,10-751-00-064-02.wav,10-751-00-064-02.wav,288044,True,,48000,1,144000,3.0,WAV,PCM_16,True,10,751,00,064,02,non_fall,48000,5,46800,0.075
C:\Users\USER\Documents\ESP32-S3-BOX-3-Voice-project\acoustic-alert-system\data\raw\10-762-00-462-02.wav,10-762-00-462-02.wav,10-762-00-462-02.wav,288044,True,,48000,1,144000,3.0,WAV,PCM_16,True,10,762,00,462,02,non_fall,48000,5,46800,0.075
C:\Users\USER\Documents\ESP32-S3-BOX-3-Voice-project\acoustic-alert-system\data\raw\10-771-02-120-01.wav,10-771-02-120-01.wav,10-771-02-120-01.wav,288044,True,,48000,1,144000,3.0,WAV,PCM_16,True,10,771,02,120,01,fall,48000,5,46800,0.075
C:\Users\USER\Documents\ESP32-S3-BOX-3-Voice-project\acoustic-alert-system\data\raw\10-778-01-002-01.wav,10-778-01-002-01.wav,10-778-01-002-01.wav,288044,True,,48000,1,144000,3.0,WAV,PCM_16,True,10,778,01,002,01,fall,48000,5,46800,0.075
C:\Users\USER\Documents\ESP32-S3-BOX-3-Voice-project\acoustic-alert-system\data\raw\10-783-00-283-02.wav,10-783-00-283-02.wav,10-783-00-283-02.wav,288044,True,,48000,1,144000,3.0,WAV,PCM_16,True,10,783,00,283,02,non_fall,48000,5,46800,0.075
C:\Users\USER\Documents\ESP32-S3-BOX-3-Voice-project\acoustic-alert-system\data\raw\10-792-04-002-01.wav,10-792-04-002-01.wav,10-792-04-002-01.wav,288044,True,,48000,1,144000,3.0,WAV,PCM_16,True,10,792,04,002,01,fall,48000,5,46800,0.075
C:\Users\USER\Documents\ESP32-S3-BOX-3-Voice-project\acoustic-alert-system\data\raw\10-793-02-054-01.wav,10-793-02-054-01.wav,10-793-02-054-01.wav,288044,True,,48000,1,144000,3.0,WAV,PCM_16,True,10,793,02,054,01,fall,48000,5,46800,0.075
C:\Users\USER\Documents\ESP32-S3-BOX-3-Voice-project\acoustic-alert-system\data\raw\10-795-02-015-01.wav,10-795-02-015-01.wav,10-795-02-015-01.wav,288044,True,,48000,1,144000,3.0,WAV,PCM_16,True,10,795,02,015,01,fall,48000,5,46800,0.075
C:\Users\USER\Documents\ESP32-S3-BOX-3-Voice-project\acoustic-alert-system\data\raw\10-799-02-125-01.wav,10-799-02-125-01.wav,10-799-02-125-01.wav,288044,True,,48000,1,144000,3.0,WAV,PCM_16,True,10,799,02,125,01,fall,48000,5,46800,0.075
C:\Users\USER\Documents\ESP32-S3-BOX-3-Voice-project\acoustic-alert-system\data\raw\10-804-00-113-02.wav,10-804-00-113-02.wav,10-804-00-113-02.wav,288044,True,,48000,1,144000,3.0,WAV,PCM_16,True,10,804,00,113,02,non_fall,48000,5,46800,0.075
C:\Users\USER\Documents\ESP32-S3-BOX-3-Voice-project\acoustic-alert-system\data\raw\10-818-00-474-02.wav,10-818-00-474-02.wav,10-818-00-474-02.wav,288044,True,,48000,1,144000,3.0,WAV,PCM_16,True,10,818,00,474,02,non_fall,48000,5,46800,0.075
C:\Users\USER\Documents\ESP32-S3-BOX-3-Voice-project\acoustic-alert-system\data\raw\10-823-02-067-01.wav,10-823-02-067-01.wav,10-823-02-067-01.wav,288044,True,,48000,1,144000,3.0,WAV,PCM_16,True,10,823,02,067,01,fall,48000,5,46800,0.075
C:\Users\USER\Documents\ESP32-S3-BOX-3-Voice-project\acoustic-alert-system\data\raw\10-832-00-332-02.wav,10-832-00-332-02.wav,10-832-00-332-02.wav,288044,True,,48000,1,144000,3.0,WAV,PCM_16,True,10,832,00,332,02,non_fall,48000,5,46800,0.075
C:\Users\USER\Documents\ESP32-S3-BOX-3-Voice-project\acoustic-alert-system\data\raw\10-841-02-024-01.wav,10-841-02-024-01.wav,10-841-02-024-01.wav,288044,True,,48000,1,144000,3.0,WAV,PCM_16,True,10,841,02,024,01,fall,48000,5,46800,0.075
C:\Users\USER\Documents\ESP32-S3-BOX-3-Voice-project\acoustic-alert-system\data\raw\10-845-07-026-01.wav,10-845-07-026-01.wav,10-845-07-026-01.wav,288044,True,,48000,1,144000,3.0,WAV,PCM_16,True,10,845,07,026,01,fall,48000,5,46800,0.075
C:\Users\USER\Documents\ESP32-S3-BOX-3-Voice-project\acoustic-alert-system\data\raw\10-851-02-108-01.wav,10-851-02-108-01.wav,10-851-02-108-01.wav,288044,True,,48000,1,144000,3.0,WAV,PCM_16,True,10,851,02,108,01,fall,48000,5,46800,0.075
C:\Users\USER\Documents\ESP32-S3-BOX-3-Voice-project\acoustic-alert-system\data\raw\10-853-00-230-02.wav,10-853-00-230-02.wav,10-853-00-230-02.wav,288044,True,,48000,1,144000,3.0,WAV,PCM_16,True,10,853,00,230,02,non_fall,48000,5,46800,0.075
C:\Users\USER\Documents\ESP32-S3-BOX-3-Voice-project\acoustic-alert-system\data\raw\10-856-01-043-01.wav,10-856-01-043-01.wav,10-856-01-043-01.wav,288044,True,,48000,1,144000,3.0,WAV,PCM_16,True,10,856,01,043,01,fall,48000,5,46800,0.075
C:\Users\USER\Documents\ESP32-S3-BOX-3-Voice-project\acoustic-alert-system\data\raw\10-870-00-175-02.wav,10-870-00-175-02.wav,10-870-00-175-02.wav,288044,True,,48000,1,144000,3.0,WAV,PCM_16,True,10,870,00,175,02,non_fall,48000,5,46800,0.075
C:\Users\USER\Documents\ESP32-S3-BOX-3-Voice-project\acoustic-alert-system\data\raw\10-885-00-281-02.wav,10-885-00-281-02.wav,10-885-00-281-02.wav,288044,True,,48000,1,144000,3.0,WAV,PCM_16,True,10,885,00,281,02,non_fall,48000,5,46800,0.075
C:\Users\USER\Documents\ESP32-S3-BOX-3-Voice-project\acoustic-alert-system\data\raw\10-895-06-006-01.wav,10-895-06-006-01.wav,10-895-06-006-01.wav,288044,True,,48000,1,144000,3.0,WAV,PCM_16,True,10,895,06,006,01,fall,48000,5,46800,0.075
C:\Users\USER\Documents\ESP32-S3-BOX-3-Voice-project\acoustic-alert-system\data\raw\10-914-00-466-02.wav,10-914-00-466-02.wav,10-914-00-466-02.wav,288044,True,,48000,1,144000,3.0,WAV,PCM_16,True,10,914,00,466,02,non_fall,48000,5,46800,0.075
C:\Users\USER\Documents\ESP32-S3-BOX-3-Voice-project\acoustic-alert-system\data\raw\10-916-05-006-01.wav,10-916-05-006-01.wav,10-916-05-006-01.wav,288044,True,,48000,1,144000,3.0,WAV,PCM_16,True,10,916,05,006,01,fall,48000,5,46800,0.075
